series,marker_index,x_page_pt,y_page_pt,x_m,Vx_L
measured,1,109.772135758,228.044270280,54.948461,0.068151
measured,2,110.071614855,227.774739086,55.929367,0.129181
measured,3,110.343750212,227.475259634,56.820712,0.196992
measured,4,110.701822388,227.205728224,57.993533,0.258022
measured,5,110.972656211,226.846354183,58.880615,0.339396
measured,6,111.272135307,226.516926970,59.861520,0.413988
measured,7,111.601562662,226.217447733,60.940518,0.481799
measured,8,111.960938039,225.888020735,62.117607,0.556392
measured,9,112.230468446,225.588541282,63.000420,0.624203
measured,10,112.500000639,225.259114286,63.883238,0.698795
measured,11,112.859374896,224.899739027,65.060323,0.780169
measured,12,113.128906089,224.600259908,65.943139,0.847980
measured,13,113.428384970,224.269530614,66.924044,0.922868
measured,14,113.757812325,223.971353458,68.003042,0.990384
measured,15,114.027343518,223.701822263,68.885857,1.051414
measured,16,114.356770873,223.522134351,69.964855,1.092101
measured,17,114.656249968,223.341144926,70.945761,1.133083
measured,18,114.925781161,223.191406054,71.828576,1.166988
measured,19,115.285156752,223.072916029,73.005665,1.193818
measured,20,115.554687945,222.921874863,73.888481,1.228018
measured,21,115.854167373,222.803384837,74.869388,1.254848
measured,22,116.183593728,222.712239473,75.948382,1.275486
measured,23,116.454427005,222.562499604,76.835463,1.309392
measured,24,116.813802261,222.473957838,78.012551,1.329440
measured,25,117.083333455,222.473957838,78.895366,1.329440
measured,26,117.442708714,222.473957838,80.072454,1.329440
measured,27,117.710937822,222.562499604,80.951005,1.309392
measured,28,118.013021085,222.652343668,81.940441,1.289048
measured,29,118.342447437,222.743489033,83.019435,1.268410
measured,30,118.610677334,222.891926604,83.897988,1.234799
measured,31,118.940103690,223.013020224,84.976983,1.207380
measured,32,119.239583117,223.162760093,85.957890,1.173474
measured,33,119.509114311,223.341144926,86.840705,1.133083
measured,34,119.868489566,223.462238546,88.017793,1.105663
measured,35,120.139323177,223.610676117,88.904875,1.072052
measured,36,120.438802274,223.731770526,89.885781,1.044633
measured,37,120.766927329,223.881509394,90.960513,1.010728
measured,38,121.036458523,224.061197522,91.843328,0.970041
measured,39,121.394531696,224.269530614,93.016152,0.922868
measured,40,121.664062675,224.510415844,93.898966,0.868324
measured,41,122.024740016,224.720052113,95.080319,0.820856
measured,42,122.294271208,224.809895963,95.963135,0.800512
measured,43,122.595051602,224.630207167,96.948303,0.841199
measured,44,122.924478958,224.360675975,98.027301,0.902229
measured,45,123.194010150,224.061197522,98.910116,0.970041
measured,46,123.524739921,223.731770526,99.993380,1.044633
measured,47,123.824219016,223.550780312,100.974286,1.085615
measured,48,124.093750209,223.610676117,101.857101,1.072052
measured,49,124.453124800,223.701822263,103.034187,1.051414
measured,50,124.722655992,223.791666331,103.917002,1.031071
measured,51,124.992187401,223.821613590,104.799819,1.024290
measured,52,125.351562443,223.641926459,105.976906,1.064976
measured,53,125.621093636,223.371093185,106.859722,1.126301
measured,54,125.920572945,223.072916029,107.840628,1.193818
measured,55,126.250000087,222.803384837,108.919625,1.254848
measured,56,126.609375344,222.622395409,110.096713,1.295830
measured,57,126.878906537,222.562499604,110.979529,1.309392
measured,58,127.149739028,222.622395409,111.866606,1.295830
measured,59,127.507812322,222.712239473,113.039430,1.275486
measured,60,127.779947893,222.743489033,113.930776,1.268410
measured,61,128.079426990,222.803384837,114.911682,1.254848
measured,62,128.408854679,222.803384837,115.990681,1.254848
measured,63,128.678385871,222.803384837,116.873496,1.254848
measured,64,129.009114309,222.832030799,117.956755,1.248362
measured,65,129.308593404,222.891926604,118.937661,1.234799
measured,66,129.578124597,223.013020224,119.820477,1.207380
measured,67,129.937499855,223.191406054,120.997565,1.166988
measured,68,130.207031048,223.430988989,121.880380,1.112739
measured,69,130.506510143,223.701822263,122.861286,1.051414
measured,70,130.835937498,223.911457653,123.940284,1.003946
measured,71,131.195312756,224.180989061,125.117372,0.942916
measured,72,131.464843949,224.360675975,126.000188,0.902229
measured,73,131.734375475,224.600259908,126.883004,0.847980
measured,74,132.093749517,224.690103637,128.060089,0.827637
measured,75,132.363280926,224.630207167,128.942905,0.841199
measured,76,132.662760354,224.600259908,129.923812,0.847980
measured,77,132.992187710,224.420571780,131.002809,0.888667
measured,78,133.263020984,224.329426419,131.889890,0.909305
measured,79,133.591146042,224.151040802,132.964622,0.949697
measured,80,133.890625137,223.911457653,133.945528,1.003946
measured,81,134.160156331,223.641926459,134.828343,1.064976
measured,82,134.519531588,223.430988989,136.005431,1.112739
measured,83,134.789062780,223.013020224,136.888247,1.207380
measured,84,135.089843960,222.473957838,137.873418,1.329440
measured,85,135.419270316,221.904947193,138.952412,1.458282
measured,86,135.748698001,221.364583508,140.031411,1.580637
measured,87,136.048177098,220.945312446,141.012317,1.675573
measured,88,136.316406207,220.553384979,141.890867,1.764317
measured,89,136.675781584,220.046874137,143.067956,1.879007
measured,90,136.946614861,219.567707770,143.955036,1.987505
measured,91,137.244791657,219.118489449,144.931677,2.089222
measured,92,137.574219012,218.786458285,146.010674,2.164404
measured,93,137.843750419,219.028645384,146.893490,2.109565
measured,94,138.173177560,219.657551835,147.972487,1.967161
measured,95,138.473957955,220.403645229,148.957656,1.798223
measured,96,138.742187848,221.124999789,149.836209,1.634886
measured,97,139.102864189,221.574218897,151.017559,1.533169
measured,98,139.372395381,221.364582725,151.900374,1.580637
measured,99,139.671874478,220.825520339,152.881280,1.702697
measured,100,140.001302166,220.286457284,153.960279,1.824758
measured,101,140.330729519,219.687499094,155.039276,1.960380
measured,102,140.631511032,219.235676607,156.024448,2.062687
measured,103,140.902344309,218.876301350,156.911528,2.144060
measured,104,141.260416481,218.606770157,158.084349,2.205091
measured,105,141.529947676,218.486978833,158.967164,2.232215
measured,106,141.829426770,218.337238963,159.948070,2.266121
measured,107,142.160156208,218.127603360,161.031332,2.313589
measured,108,142.429687402,217.858072382,161.914148,2.374619
measured,109,142.759114757,217.588541189,162.993146,2.435649
measured,110,143.058594067,217.229165932,163.974052,2.517022
measured,111,143.328125260,216.809895869,164.856868,2.611958
measured,112,143.687499518,216.420572567,166.033953,2.700113
measured,113,143.957031044,215.911457560,166.916769,2.815392
measured,114,144.226562236,215.372395174,167.799584,2.937452
measured,115,144.585937495,214.743488725,168.976673,3.079856
measured,116,144.856771102,213.994791164,169.863754,3.249384
measured,117,145.216146360,213.124999481,171.040842,3.446332
measured,118,145.485677555,212.226562172,171.923658,3.649766
measured,119,145.845051810,211.325520363,173.100743,3.853789
measured,120,146.117187170,210.397134675,173.992088,4.064004
measured,121,146.385416282,209.498698031,174.870638,4.267438
measured,122,146.744791537,208.690104452,176.047727,4.450528
measured,123,147.014322731,208.001301531,176.930542,4.606494
measured,124,147.313801825,207.372395081,177.911448,4.748898
measured,125,147.643228966,206.983072564,178.990445,4.837053
measured,126,147.911458078,206.712239072,179.868995,4.898378
measured,127,148.242187846,206.533853242,180.952259,4.938770
measured,128,148.541666943,206.473957437,181.933165,4.952332
measured,129,148.811198134,206.803384435,182.815980,4.877740
measured,130,149.169271428,207.701822078,183.988804,4.674306
measured,131,149.438802623,208.899739625,184.871620,4.403060
measured,132,149.796874795,210.130207647,186.044440,4.124445
measured,133,150.069010155,211.208333205,186.935785,3.880324
measured,134,150.428385413,211.837238872,188.112873,3.737920
measured,135,150.697916605,212.016926784,188.995688,3.697233
measured,136,150.967447799,212.016926784,189.878504,3.697233
measured,137,151.326823054,212.106769848,191.055592,3.676890
measured,138,151.597656332,211.957030979,191.942672,3.710796
measured,139,151.897135427,211.325520363,192.923578,3.853789
measured,140,152.225260817,210.397134675,193.998312,4.064004
measured,141,152.494792011,209.319009903,194.881127,4.308125
measured,142,152.822917066,208.240884914,195.955859,4.552245
measured,143,153.122396496,207.432290885,196.936766,4.735336
measured,144,153.394531071,207.072915628,197.828109,4.816709
measured,145,153.752604029,206.803384435,199.000931,4.877740
measured,146,154.023437520,206.533853242,199.888012,4.938770
measured,147,154.326822939,206.083332622,200.881713,5.040781
measured,148,154.656250294,205.305989601,201.960711,5.216796
measured,149,154.985676649,204.196614270,203.039705,5.467992
measured,150,155.285155745,203.026040817,204.020611,5.733046
measured,151,155.555989021,201.798176961,204.907691,6.011072
measured,152,155.914062196,200.869791273,206.080515,6.221287
measured,153,156.184895470,200.240885606,206.967595,6.363691
measured,154,156.485677198,199.791665834,207.952767,6.465408
measured,155,156.813802253,199.462238837,209.027500,6.540000
measured,156,157.083333448,199.372395558,209.910315,6.560344
measured,157,157.414063219,199.731770030,210.993579,6.478970
measured,158,157.713542313,200.510416801,211.974485,6.302661
measured,159,157.983073508,201.348957854,212.857300,6.112789
measured,160,158.341145468,202.247395498,214.030119,5.909355
measured,161,158.610676659,202.786457884,214.912935,5.787295
measured,162,158.908853674,202.756509409,215.889576,5.794076
measured,163,159.240885192,202.339843512,216.977103,5.888422
measured,164,159.570312548,202.037760109,218.056101,5.956823
measured,165,159.869791645,201.858072766,219.037007,5.997510
measured,166,160.139322836,202.127603959,219.919822,5.936480
measured,167,160.497396130,202.936197753,221.092646,5.753389
measured,168,160.766927321,203.834634398,221.975462,5.549956
measured,169,161.066406418,204.735676656,222.956368,5.345932
measured,170,161.397135190,205.365885406,224.039628,5.203234
measured,171,161.666666381,205.186197275,224.922443,5.243920
measured,172,161.997395820,204.466145463,226.005706,5.406962
measured,173,162.295572834,203.595051248,226.982347,5.604205
measured,174,162.565104025,202.666666345,227.865162,5.814420
measured,175,162.924479069,201.858072766,229.042250,5.997510
measured,176,163.195312559,201.319010379,229.929331,6.119570
measured,177,163.464843537,200.779947208,230.812145,6.241631
measured,178,163.824219009,200.151041758,231.989234,6.384034
measured,179,164.153645364,199.192707644,233.068229,6.601031
measured,180,164.451822163,197.575520485,234.044869,6.967211
measured,181,164.722655986,195.507812256,234.931951,7.435404
measured,182,165.082031028,193.229166222,236.109039,7.951360
measured,183,165.351562221,190.983071948,236.991854,8.459944
measured,184,165.621093962,189.274739640,237.874671,8.846763
measured,185,165.980469005,188.555989127,239.051759,9.009510
measured,186,166.250000198,188.138020361,239.934574,9.104151
measured,187,166.549479293,187.867187087,240.915480,9.165476
measured,188,166.878906648,187.388019840,241.994478,9.273974
measured,189,167.148437056,186.220052001,242.877291,9.538438
measured,190,167.477864196,184.423176931,243.956288,9.945306
measured,191,167.777343505,182.473957942,244.937195,10.386669
measured,192,168.046874485,180.736978460,245.820009,10.779975
measured,193,168.406249742,179.329426691,246.997097,11.098687
measured,194,168.736979512,179.029947572,248.080361,11.166499
measured,195,169.036458609,179.059894831,249.061267,11.159718
measured,196,169.305989800,179.029947572,249.944082,11.166499
measured,197,169.665364391,178.670572313,251.121169,11.247872
measured,198,169.934895586,177.259114294,252.003984,11.567470
measured,199,170.204426777,174.713540783,252.886799,12.143866
measured,200,170.565104118,171.778645918,254.068152,12.808416
measured,201,170.834635313,168.872395849,254.950968,13.466480
measured,202,171.134114407,166.266926532,255.931874,14.056439
measured,203,171.463541763,164.829426717,257.010871,14.381933
measured,204,171.734375037,163.930989076,257.897952,14.585367
measured,205,172.063802393,163.122395495,258.976949,14.768457
measured,206,172.363281489,162.041665892,259.957855,15.013168
measured,207,172.632812682,159.795572283,260.840671,15.521752
measured,208,172.992187272,155.751301852,262.017757,16.437499
measured,209,173.261718249,151.016926870,262.900571,17.509507
measured,210,173.621094056,146.433593839,264.077662,18.547314
measured,211,173.890625034,142.717448109,264.960476,19.388764
measured,212,174.220052604,141.399738739,266.039475,19.687134
measured,213,174.519531699,141.848958058,267.020381,19.585417
measured,214,174.789062892,142.927083497,267.903196,19.341296
measured,215,175.148437149,143.975260010,269.080281,19.103957
measured,216,175.417968343,144.274739463,269.963096,19.036145
measured,217,175.717447438,143.166666431,270.944002,19.287047
measured,218,176.046874793,141.399738739,272.023000,19.687134
measured,219,176.317707854,139.661458172,272.910079,20.080734
measured,220,176.647135423,137.984374543,273.989078,20.460477
measured,221,176.945312555,137.175780179,274.965719,20.643568
measured,222,177.216145830,136.963540625,275.852800,20.691625
measured,223,177.574219005,136.963540625,277.025623,20.691625
measured,224,177.843750531,136.783853496,277.908440,20.732312
measured,225,178.205729168,135.735676983,279.094055,20.969651
measured,226,178.473958065,132.201822548,279.972605,21.769825
measured,227,178.804687719,127.885416544,281.055868,22.747192
measured,228,179.102864515,123.481770640,282.032508,23.744312
measured,229,179.373698007,119.975259515,282.919589,24.538294
measured,230,179.734375346,119.376302109,284.100942,24.673916
measured,231,180.002604242,122.313801805,284.979492,24.008776
measured,232,180.302083339,126.627603643,285.960398,23.031999
measured,233,180.631510691,131.212238757,287.039396,21.993897
measured,234,180.901041886,135.885416637,287.922211,20.935746
measured,235,181.231770654,140.110676494,289.005472,19.979017
measured,236,181.531249751,144.154947924,289.986378,19.063270
measured,237,181.800780945,148.108072422,290.869193,18.168161
measured,238,182.160156535,152.065104168,292.046282,17.272168
measured,239,182.429687728,155.688801453,292.929098,16.451651
measured,240,182.699219136,158.985677407,293.811914,15.705137
measured,241,183.058594178,161.951822612,294.989001,15.033511
measured,242,183.388020533,164.647134994,296.067996,14.423209
measured,243,183.687499629,166.626301576,297.048902,13.975065
measured,244,183.957030822,166.716144640,297.931717,13.954722
measured,245,184.316406079,165.305988704,299.108805,14.274025
measured,246,184.585937272,163.389323095,299.991621,14.708017
measured,247,184.885416368,161.261717844,300.972527,15.189772
measured,248,185.214844056,159.372395542,302.051526,15.617572
measured,249,185.484375249,158.114582975,302.934341,15.902380
measured,250,185.785156426,157.186197072,303.919512,16.112595
measured,251,186.114583115,156.197916364,304.998507,16.336372
measured,252,186.382812227,155.239583131,305.877058,16.553368
measured,253,186.713541662,154.580729206,306.960320,16.702553
measured,254,187.013020759,154.070311331,307.941226,16.818127
measured,255,187.282551737,153.680988813,308.824041,16.906282
measured,256,187.643229291,153.261717750,310.005395,17.001217
measured,257,187.971354350,152.063801870,311.080127,17.272462
measured,258,188.272135744,149.186196979,312.065298,17.924041
measured,259,188.541666936,145.442707871,312.948114,18.771681
measured,260,188.901041194,141.757811696,314.125199,19.606055
measured,261,189.171874469,138.760416148,315.012279,20.284758
measured,262,189.441406781,137.981770162,315.895098,20.461067
measured,263,189.799479170,139.958333029,317.067919,20.013512
measured,264,190.070312446,143.013020884,317.954999,19.321837
measured,265,190.368489791,146.311197918,318.931641,18.575029
measured,266,190.699219229,149.395833152,320.014904,17.876572
measured,267,190.968750207,151.731770491,320.897719,17.347645
measured,268,191.298176777,153.591144749,321.976714,16.926625
measured,269,191.597655873,155.328124681,322.957620,16.533319
measured,270,191.867187851,157.365885201,323.840438,16.071908
measured,271,192.226562323,159.971353518,325.017523,15.481950
measured,272,192.526041204,163.598958266,325.998429,14.660549
measured,273,192.855468774,167.432291440,327.077427,13.792564
measured,274,193.124999752,171.149739252,327.960242,12.950820
measured,275,193.455729523,174.174478181,329.043505,12.265926
measured,276,193.753906535,175.342447684,330.020146,12.001462
measured,277,194.023437728,174.923175956,330.902962,12.096398
measured,278,194.382812319,173.994791053,332.080048,12.306613
measured,279,194.652343512,172.766926410,332.962863,12.584639
measured,280,194.951822608,171.479166251,333.943769,12.876228
measured,281,195.283854344,170.127603371,335.031297,13.182263
measured,282,195.552083238,168.692707507,335.909847,13.507167
measured,283,195.881510594,167.102864442,336.988845,13.867157
measured,284,196.180989688,165.096354101,337.969751,14.321492
measured,285,196.450520882,162.070312208,338.852566,15.006681
measured,286,196.811198223,158.084634500,340.033919,15.909161
measured,287,197.110677317,153.890623986,341.014825,16.858814
measured,288,197.440103673,149.665364345,342.093820,17.815542
measured,289,197.709635197,145.442707871,342.976636,18.771681
measured,290,198.039062553,141.186197671,344.055634,19.735486
measured,291,198.339843733,137.082030221,345.040805,20.664796
measured,292,198.609375258,133.186197362,345.923621,21.546932
measured,293,198.968750516,129.861978980,347.100709,22.299637
measured,294,199.238281708,128.184895567,347.983525,22.679380
measured,295,199.537760804,128.634113889,348.964431,22.577663
measured,296,199.867187159,130.041666325,350.043425,22.258950
measured,297,200.136718352,131.688801743,350.926241,21.885988
measured,298,200.466145707,133.395832966,352.005238,21.499464
measured,299,200.765624803,134.985676697,352.986144,21.139475
measured,300,201.035155996,136.424478807,353.868960,20.813686
measured,301,201.394531038,137.891926098,355.046047,20.481410
measured,302,201.664062779,139.389322598,355.928864,20.142354
measured,303,202.023437822,140.829426794,357.105952,19.816270
measured,304,202.292968230,142.027342891,357.988765,19.545025
measured,305,202.622395917,143.166666216,359.067764,19.287047
measured,306,202.921875014,144.063801562,360.048669,19.083908
measured,307,203.192708288,144.722655271,360.935750,18.934724
measured,308,203.550781249,144.873697222,362.108572,18.900523
measured,309,203.821614741,144.514322182,362.995653,18.981897
measured,310,204.119791752,143.975259796,363.972294,19.103957
measured,311,204.450520975,143.346354343,365.055556,19.246360
measured,312,204.720052167,141.759113994,365.938372,19.605760
measured,313,205.019531264,138.313802206,366.919278,20.385885
measured,314,205.348958620,134.088541565,367.998275,21.342613
measured,315,205.619791109,129.776041359,368.885353,22.319096
measured,316,205.947916500,126.537759794,369.960086,23.052342
measured,317,206.249999976,126.537759794,370.949523,23.052342
measured,318,206.608073268,130.044270921,372.122346,22.258361
measured,319,206.878906759,134.807291080,373.009427,21.179867
measured,320,207.208333901,139.572916406,374.088424,20.100783
measured,321,207.506510912,143.346353775,375.065065,19.246360
measured,322,207.777343403,144.277342843,375.952143,19.035556
measured,323,208.136718445,143.705729032,377.129231,19.164987
measured,324,208.406249638,142.837239648,378.012046,19.361640
measured,325,208.675780831,142.447916131,378.894861,19.449794
measured,326,209.035156089,143.346353560,380.071950,19.246360
measured,327,209.304687282,146.134113720,380.954765,18.615126
measured,328,209.604166377,149.579426174,381.935671,17.835001
measured,329,209.933594065,153.053384876,383.014670,17.048390
measured,330,210.203125259,155.960937026,383.897485,16.390031
measured,331,210.532551614,157.398437057,384.976480,16.064537
measured,332,210.832031258,157.908853267,385.957387,15.948963
measured,333,211.101562235,158.088541394,386.840202,15.908276
measured,334,211.460937493,158.298176781,388.017290,15.860808
measured,335,211.760416590,158.447915653,388.998196,15.826903
measured,336,212.091146025,158.537759716,390.081459,15.806560
measured,337,212.360677004,158.807291790,390.964273,15.745529
measured,338,212.690104572,159.346354176,392.043272,15.623469
measured,339,212.988281587,160.514322013,393.019913,15.359005
measured,340,213.259114864,163.391926688,393.906993,14.707427
measured,341,213.619791202,167.735677001,395.088343,13.723869
measured,342,213.889322396,172.589843093,395.971158,12.624736
measured,343,214.188801823,177.682291036,396.952065,11.471650
measured,344,214.518229179,182.837238879,398.031063,10.304411
measured,345,214.787760374,188.230468236,398.913879,9.083218
measured,346,215.118489358,193.678384544,399.997140,7.849643
measured,347,215.417968454,199.102863579,400.978046,6.621374
measured,348,215.688801729,204.466145463,401.865126,5.406962
measured,349,216.046874904,209.408853752,403.037949,4.287781
measured,350,216.346353999,213.933593061,404.018855,3.263241
measured,351,216.675781568,218.067707555,405.097854,2.327151
measured,352,216.945312548,221.815104129,405.980668,1.478625
measured,353,217.276041202,224.779947918,407.063928,0.807293
measured,354,217.575521080,226.217447733,408.044837,0.481799
measured,355,217.845052275,226.756510119,408.927652,0.359739
measured,356,218.204426866,227.055989572,410.104738,0.291928
measured,357,218.473958057,227.385416569,410.987554,0.217335
measured,358,218.774739452,227.595051958,411.972725,0.169867
measured,359,219.104166923,227.744790827,413.051723,0.135962
measured,360,219.373698117,227.834634676,413.934539,0.115619
measured,361,219.703125473,227.924478741,415.013536,0.095275
measured,362,220.002604567,228.014322020,415.994442,0.074932
measured,363,220.272135762,228.044270280,416.877258,0.068151
measured,364,220.631510017,228.044270280,418.054343,0.068151
measured,365,223.687499955,228.014322020,428.063852,0.074932
measured,366,223.957031148,228.014322020,428.946667,0.074932
measured,367,224.256510028,227.954426215,429.927572,0.088494
measured,368,224.585937598,227.954426215,431.006571,0.088494
measured,369,224.855468577,227.954426215,431.889385,0.088494
measured,370,225.186198231,228.014322020,432.972649,0.074932
measured,371,225.514323144,228.044270280,434.047380,0.068151
measured,372,225.845052367,228.044270280,435.130642,0.068151
measured,373,226.114582774,228.014322020,436.013455,0.074932
measured,374,226.442708166,227.924478741,437.088188,0.095275
measured,375,226.742187262,227.924478741,438.069094,0.095275
measured,376,227.014322834,227.924478741,438.960440,0.095275
measured,377,227.372396128,227.924478741,440.133264,0.095275
measured,378,227.643229620,227.834634676,441.020345,0.115619
measured,379,227.911458514,227.774738871,441.898895,0.129181
measured,380,228.272135070,227.774738871,443.080245,0.129181
measured,381,228.541667046,227.774738871,443.963063,0.129181
measured,382,228.841146143,227.744790827,444.943969,0.135962
measured,383,229.170572499,227.744790827,446.022963,0.135962
measured,384,229.440103690,227.834634676,446.905779,0.115619
measured,385,229.769531046,227.924478741,447.984777,0.095275
measured,386,230.070312223,227.924478741,448.969947,0.095275
measured,387,230.429687481,227.864582936,450.147036,0.108837
measured,388,230.699219007,227.864582936,451.029852,0.108837
measured,389,230.998698103,227.924478741,452.010758,0.095275
measured,390,231.328124791,227.924478741,453.089754,0.095275
measured,391,231.597655984,227.924478741,453.972569,0.095275
measured,392,231.927083339,227.954426215,455.051567,0.088494
measured,393,232.226562649,228.044270280,456.032473,0.068151
measured,394,234.653645586,228.044270280,463.982077,0.068151
measured,395,235.013020844,228.044270280,465.159165,0.068151
measured,396,235.282552039,228.014322020,466.041981,0.074932
measured,397,235.582031466,227.954426215,467.022888,0.088494
measured,398,235.911458822,227.954426215,468.101885,0.088494
measured,399,236.182292099,227.954426215,468.988966,0.088494
measured,400,236.511718452,228.044270280,470.067960,0.068151
measured,401,236.809896251,228.044270280,471.044604,0.068151
measured,402,237.080728740,227.954426215,471.931681,0.088494
measured,403,237.438801701,227.864582936,473.104504,0.108837
measured,404,237.710937276,227.774738871,473.995850,0.129181
measured,405,238.010416370,227.774738871,474.976756,0.129181
measured,406,238.339843725,227.744790827,476.055753,0.135962
measured,407,238.609374918,227.744790827,476.938569,0.135962
measured,408,238.938802391,227.744790827,478.017567,0.135962
measured,409,239.236979619,227.834634676,478.994209,0.115619
measured,410,239.507812895,227.924478741,479.881289,0.095275
measured,411,239.867187270,227.954426215,481.058374,0.088494
measured,412,240.166666366,227.954426215,482.039280,0.088494
measured,413,240.496093721,228.014322020,483.118278,0.074932
measured,414,240.765624914,228.044270280,484.001093,0.068151
measured,415,244.091146042,228.044270280,494.893418,0.068151
measured,416,244.450521301,227.924478741,496.070506,0.095275
measured,417,244.750000398,227.864582936,497.051412,0.108837
measured,418,245.079426750,227.924478741,498.130407,0.095275
measured,419,245.348957945,227.954426215,499.013222,0.088494
measured,420,245.680989466,227.954426215,500.100749,0.088494
measured,421,245.979166477,228.014322020,501.077390,0.074932
measured,422,246.248697886,228.014322020,501.960207,0.074932
measured,423,246.608072930,228.014322020,503.137294,0.074932
measured,424,246.877604122,228.014322020,504.020109,0.074932
measured,425,247.148437732,227.954426215,504.907191,0.088494
measured,426,247.507811988,227.954426215,506.084276,0.088494
measured,427,247.777344181,228.044270280,506.967094,0.068151
measured,428,248.076823609,228.044270280,507.948001,0.068151
measured,429,248.406249965,228.044270280,509.026996,0.068151
measured,430,248.675781157,228.044270280,509.909811,0.068151
measured,431,251.161458391,228.014322020,518.051333,0.074932
measured,432,251.460937485,227.924478741,519.032239,0.095275
measured,433,251.730468464,227.924478741,519.915054,0.095275
measured,434,252.091146350,227.924478741,521.096409,0.095275
measured,435,252.359375247,227.864582936,521.974959,0.108837
measured,436,252.660156642,227.834634676,522.960130,0.115619
measured,437,252.988281697,227.774738871,524.034862,0.129181
measured,438,253.260416272,227.864582936,524.926205,0.108837
measured,439,253.589843628,227.924478741,526.005202,0.095275
measured,440,253.889322722,227.954426215,526.986108,0.088494
measured,441,254.247395682,227.954426215,528.158931,0.088494
measured,442,254.518228956,228.044270280,529.046011,0.068151
adm,1,137.519577250,227.389194881,145.831702,0.216480
adm,2,137.789456932,227.389207334,146.715659,0.216477
adm,3,138.148703041,227.347383526,147.892324,0.225947
adm,4,138.418363457,227.209519216,148.775563,0.257164
adm,5,138.737928840,227.257459719,149.822259,0.246309
adm,6,139.047536592,226.939987451,150.836340,0.318194
adm,7,139.318532286,226.939994575,151.723952,0.318193
adm,8,139.676799734,226.939974994,152.897412,0.318197
adm,9,139.946331304,226.939974996,153.780229,0.318197
adm,10,140.307170993,227.119670445,154.962113,0.277508
adm,11,140.576702192,226.221232768,155.844929,0.480942
adm,12,140.894255623,226.221105822,156.885035,0.480971
adm,13,141.205481699,226.628629464,157.904417,0.388695
adm,14,141.475139149,226.311076829,158.787646,0.460599
adm,15,141.834514195,226.400919673,159.964733,0.440256
adm,16,142.104045605,225.951701595,160.847549,0.541972
adm,17,142.373576871,226.131388712,161.730365,0.501286
adm,18,142.734288752,225.820031557,162.911831,0.571787
adm,19,143.003952389,225.592319243,163.795080,0.623348
adm,20,143.322134365,225.640267847,164.837245,0.612491
adm,21,143.633206421,225.772019810,165.856122,0.582658
adm,22,143.904699749,225.101286378,166.745365,0.734533
adm,23,144.222025815,225.232838096,167.784726,0.704745
adm,24,144.531912130,225.322800303,168.799719,0.684375
adm,25,144.801799920,224.783725713,169.683703,0.806438
adm,26,145.161175181,224.963413830,170.860791,0.765751
adm,27,145.478725566,224.783598670,171.900887,0.806467
adm,28,145.791546155,225.053264009,172.925492,0.745406
adm,29,146.061077347,224.244670392,173.808307,0.928497
adm,30,146.376809307,224.244549138,174.842447,0.928524
adm,31,146.688154641,224.602586302,175.862220,0.847454
adm,32,146.959392603,223.931496043,176.750625,0.999409
adm,33,147.317424780,223.795444603,177.923314,1.030215
adm,34,147.588286461,223.033147199,178.810488,1.202823
adm,35,147.905973992,222.717199699,179.851033,1.274363
adm,36,148.217320118,223.074970090,180.870808,1.193353
adm,37,148.486858431,223.615763604,181.753647,1.070901
adm,38,148.804411645,222.717199699,182.793752,1.274363
adm,39,149.115770225,221.367581971,183.813568,1.579958
adm,40,149.385296082,222.807169702,184.696366,1.253991
adm,41,149.744550719,222.045128830,185.873059,1.426540
adm,42,150.062150550,221.775171806,186.913317,1.487667
adm,43,150.373582230,221.367581974,187.933372,1.579958
adm,44,150.643113492,221.726956208,188.816188,1.498585
adm,45,150.960664587,220.289328031,189.856286,1.824108
adm,46,151.272019952,221.008206740,190.876092,1.661332
adm,47,151.541538784,220.738327075,191.758866,1.722441
adm,48,151.900920162,219.838419963,192.935975,1.926207
adm,49,152.172052964,219.618376390,193.824036,1.976032
adm,50,152.490444151,218.490629553,194.866886,2.231388
adm,51,152.801678820,218.898156616,195.886296,2.139112
adm,52,153.071063682,218.490756594,196.768632,2.231360
adm,53,153.389644380,218.898092162,197.812103,2.139126
adm,54,153.701214937,216.741918548,198.832613,2.627350
adm,55,153.969412355,217.682175431,199.711060,2.414447
adm,56,154.330608637,216.514201333,200.894113,2.678912
adm,57,154.646694663,216.963286467,201.929412,2.577226
adm,58,154.958054837,215.164716972,202.949233,2.984477
adm,59,155.228924103,214.404152563,203.836431,3.156692
adm,60,155.546606176,214.896526658,204.876959,3.045204
adm,61,155.857824960,215.304410631,205.896317,2.952846
adm,62,156.127361851,212.876543200,206.779151,3.502590
adm,63,156.486851621,213.996844812,207.956614,3.248919
adm,64,156.756402394,211.838769729,208.839494,3.737574
adm,65,157.025914009,211.660202176,209.722245,3.778007
adm,66,157.385296174,210.760295152,210.899356,3.981773
adm,67,157.654839832,211.928612787,211.782212,3.717230
adm,68,157.972380674,210.221105269,212.822277,4.103863
adm,69,158.283732915,207.705607608,213.842072,4.673449
adm,70,158.553264114,208.604045283,214.724887,4.470015
adm,71,158.912639227,207.525920115,215.901975,4.714135
adm,72,159.182163304,206.356486551,216.784767,4.978931
adm,73,159.541538565,206.176799434,217.961855,5.019618
adm,74,159.811082308,205.457693277,218.844712,5.182445
adm,75,160.128625896,205.547059835,219.884786,5.162210
adm,76,160.439976685,203.390670300,220.904576,5.650483
adm,77,160.709514998,203.119670063,221.787415,5.711846
adm,78,161.068889259,202.580607711,222.964500,5.833906
adm,79,161.338420454,201.861858083,223.847315,5.996653
adm,80,161.609420927,199.076694378,224.734943,6.627300
adm,81,161.967326914,197.459513975,225.907219,6.993479
adm,82,162.238195036,199.034875519,226.794413,6.636769
adm,83,162.554411413,195.029699952,227.830140,7.543663
adm,84,162.865764657,193.412639377,228.849938,7.909816
adm,85,163.137119109,194.941805814,229.738725,7.563565
adm,86,163.454318962,197.908598418,230.777674,6.891792
adm,87,163.765663016,189.098667400,231.797442,8.886631
adm,88,164.125751025,193.592319465,232.976864,7.869130
adm,89,164.394925469,191.166551155,233.858511,8.418399
adm,90,164.714567761,190.178136855,234.905459,8.642206
adm,91,165.024092988,184.515676309,235.919270,9.924361
adm,92,165.293624184,184.875051543,236.802086,9.842988
adm,93,165.611541142,185.683851592,237.843382,9.659851
adm,94,165.922894231,183.615756976,238.863180,10.128131
adm,95,166.192296427,177.912048946,239.745573,11.419625
adm,96,166.553257084,185.504656718,240.927854,9.700426
adm,97,166.822788280,178.762737485,241.810669,11.227003
adm,98,167.140348682,178.314855513,242.850798,11.328418
adm,99,167.451707258,177.414724477,243.870614,11.532235
adm,100,167.721232905,174.357951702,244.753411,12.224382
adm,101,168.038709896,172.609022116,245.793267,12.620394
adm,102,168.350139666,173.010295445,246.813316,12.529533
adm,103,168.709387359,172.609098649,247.989986,12.620376
adm,104,168.979038384,168.156562811,248.873194,13.628567
adm,105,169.296598718,163.752355480,249.913323,14.625815
adm,106,169.607951957,164.201701719,250.933121,14.524069
adm,107,169.877483154,169.506388820,251.815937,13.322925
adm,108,170.195036366,162.853918804,252.856042,14.829249
adm,109,170.506382583,159.796920734,253.875817,15.521447
adm,110,170.777389958,157.998568918,254.763468,15.928649
adm,111,171.136764286,163.303257018,255.940553,14.727505
adm,112,171.406295483,153.596225331,256.823368,16.925475
adm,113,171.722729907,153.146899913,257.859809,17.027216
adm,114,172.035550513,154.045457235,258.884414,16.823755
adm,115,172.303612662,154.494682655,259.762418,16.722036
adm,116,172.622902892,150.088298889,260.808212,17.719777
adm,117,172.933779294,150.945031625,261.826449,17.525786
adm,118,173.203438776,146.943882134,262.709684,18.431770
adm,119,173.563519275,142.986850377,263.889083,19.327763
adm,120,173.881916674,142.537525173,264.931953,19.429504
adm,121,174.193525021,148.290092498,265.952587,18.126946
adm,122,174.463426563,146.133206720,266.836615,18.615331
adm,123,174.779156461,138.582302420,267.870749,20.325088
adm,124,175.092332235,146.133206720,268.896516,18.615331
adm,125,175.360393524,135.076694114,269.774517,21.118865
adm,126,175.721233427,142.986858281,270.956403,19.327761
adm,127,175.990757288,135.886763911,271.839194,20.935441
adm,128,176.260295694,132.830608298,272.722033,21.627448
adm,129,176.619670956,142.537638984,273.899122,19.429478
adm,130,176.889207859,131.930349102,274.781956,21.831295
adm,131,177.206754955,135.076575068,275.822041,21.118892
adm,132,177.517981037,131.527067647,276.841423,21.922610
adm,133,177.787639393,133.729045830,277.724655,21.424014
adm,134,178.146887494,131.527067647,278.901326,21.922610
adm,135,178.416538518,132.829143656,279.784534,21.627780
adm,136,178.775786825,125.326381544,280.961207,23.326636
adm,137,179.045452181,128.873576330,281.844462,22.523442
adm,138,179.362924585,125.326310519,282.884302,23.326652
adm,139,179.674230762,131.527067649,283.903946,21.922610
adm,140,179.943888903,137.232951673,284.787178,20.630622
adm,141,180.304733316,135.885288299,285.969078,20.935775
adm,142,180.574264510,131.928256542,286.851893,21.831768
adm,143,180.844136955,135.075242473,287.735826,21.119194
adm,144,181.203519832,127.525925319,288.912940,22.828591
adm,145,181.473043784,132.378957956,289.795731,21.729716
adm,146,181.792695806,135.078389840,290.842711,21.118481
adm,147,182.105520454,137.684249000,291.867329,20.528435
adm,148,182.373576810,140.830607622,292.745314,19.816003
adm,149,182.691482679,135.078402985,293.786574,21.118478
adm,150,183.002483357,139.033733203,294.805218,20.222870
adm,151,183.361858619,139.482951281,295.982306,20.121153
adm,152,183.632997609,139.890344595,296.870387,20.028907
adm,153,183.950412926,146.943755093,297.910041,18.431798
adm,154,184.261764617,146.943882136,298.929834,18.431770
adm,155,184.532000925,141.189975954,299.814959,19.734631
adm,156,184.891019433,149.639206809,300.990879,17.821465
adm,157,185.162015106,149.639213938,301.878491,17.821464
adm,158,185.430225099,150.495820965,302.756979,17.627501
adm,159,185.789725139,148.291550557,303.934476,18.126616
adm,160,186.059256335,154.494675528,304.817291,16.722038
adm,161,186.377166301,153.145061048,305.858565,17.027632
adm,162,186.688396985,156.249719475,306.877962,16.324642
adm,163,186.959387156,156.249723768,307.765556,16.324641
adm,164,187.276990782,156.698865620,308.805827,16.222942
adm,165,187.588413441,160.246138811,309.825852,15.419730
adm,166,187.947795887,157.998576820,311.002964,15.928647
adm,167,188.217192924,161.552677504,311.885340,15.123890
adm,168,188.534803858,156.249647234,312.925635,16.324658
adm,169,188.846106473,155.351286180,313.945267,16.528075
adm,170,189.115629667,161.103724941,314.828056,15.225546
adm,171,189.433313127,159.348281903,315.868588,15.623032
adm,172,189.744670661,154.943889575,316.888401,16.620322
adm,173,190.014201852,165.100138396,317.771216,14.320635
adm,174,190.373582236,157.551175501,318.948321,16.029952
adm,175,190.643113645,158.000661474,319.831137,15.928175
adm,176,190.960585085,155.800428158,320.870975,16.426375
adm,177,191.273351481,156.249718692,321.895402,16.324642
adm,178,191.543020681,157.101949970,322.778669,16.131671
adm,179,191.859026022,156.700953356,323.813705,16.222469
adm,180,192.170794140,154.496152690,324.834862,16.721703
adm,181,192.529831960,157.101957210,326.010845,16.131669
adm,182,192.799582975,150.948950322,326.894380,17.524899
adm,183,193.118992311,149.641527765,327.940565,17.820940
adm,184,193.430082288,154.045456666,328.959501,16.823755
adm,185,193.699756601,150.499726644,329.842785,17.626617
adm,186,194.017791346,149.191935970,330.884468,17.922741
adm,187,194.328780630,146.945363309,331.903074,18.431434
adm,188,194.600012109,145.195036415,332.791458,18.827762
adm,189,194.958042869,147.394569610,333.964143,18.329720
adm,190,195.228918656,145.195036417,334.851362,18.827762
adm,191,195.498442424,139.891818144,335.734153,20.028573
adm,192,195.857951842,144.338420145,336.911681,19.021726
adm,193,196.127483106,138.135294958,337.794497,20.426304
adm,194,196.444955442,142.138810587,338.834337,19.519785
adm,195,196.756262621,134.140348850,339.853985,21.330883
adm,196,197.115763919,139.033732414,341.031486,20.222870
adm,197,197.385168170,131.530973755,341.913885,21.921725
adm,198,197.702848919,138.135168793,342.954409,20.426333
adm,199,198.014194829,134.629925187,343.974183,21.220028
adm,200,198.283606196,131.530973756,344.856606,21.921725
adm,201,198.601209823,136.835584325,345.896876,20.720599
adm,202,198.912512649,125.780974201,346.916509,23.223702
adm,203,199.182163765,123.575237464,347.799718,23.723148
adm,204,199.541419197,120.476286406,348.976413,24.424846
adm,205,199.810950394,136.835661073,349.859229,20.720581
adm,206,200.080608604,127.529826308,350.742460,22.827708
adm,207,200.439982863,124.025920183,351.919545,23.621100
adm,208,200.710850683,125.331750834,352.806738,23.325420
adm,209,201.028537196,118.271880001,353.847281,24.923991
adm,210,201.339882248,122.676792976,354.867052,23.926584
adm,211,201.609640574,120.925507914,355.750611,24.323129
adm,212,201.969137747,122.676804887,356.928099,23.926581
adm,213,202.238668945,121.778367516,357.810914,24.130015
adm,214,202.598311128,121.329149134,358.988877,24.231732
adm,215,202.867500675,117.373569584,359.870573,25.127397
adm,216,203.185753104,121.329015727,360.912969,24.231762
adm,217,203.497112462,118.272007262,361.932787,24.923963
adm,218,203.766375920,116.924351294,362.814726,25.229113
adm,219,204.127362161,120.028886408,363.997090,24.526151
adm,220,204.397007279,119.171920027,364.880279,24.720195
adm,221,204.666181668,119.621856997,365.761926,24.618315
adm,222,205.025920156,123.576701102,366.940204,23.722817
adm,223,205.293980121,121.778355605,367.818200,24.130018
adm,224,205.613005944,117.822668138,368.863129,25.025707
adm,225,205.924350853,128.430001155,369.882900,22.623881
adm,226,206.193889382,117.822795083,370.765739,25.025678
adm,227,206.553264641,124.924358142,371.942828,23.417666
adm,228,206.822800960,130.227224221,372.825660,22.216934
adm,229,207.182176437,128.879300196,374.002749,22.522146
adm,230,207.451702170,135.529826417,374.885546,21.016262
adm,231,207.769255384,127.978918533,375.925652,22.726020
adm,232,208.080608624,129.326702106,376.945450,22.420840
adm,233,208.350145227,132.383474880,377.828283,21.728693
adm,234,208.669162150,135.889067584,378.873183,20.934919
adm,235,208.978911189,131.084193885,379.887727,22.022890
adm,236,209.250051481,139.485030153,380.775812,20.120683
adm,237,209.607951894,140.834514514,381.948070,19.815118
adm,238,209.877362214,139.892433668,382.830489,20.028434
adm,239,210.196772617,140.385160906,383.876678,19.916865
adm,240,210.507858985,142.990757270,384.895602,19.326878
adm,241,210.777731424,154.496145251,385.779535,16.721705
adm,242,211.095643205,148.743077464,386.820815,18.024376
adm,243,211.406644124,159.799362683,387.839459,15.520894
adm,244,211.767974230,162.005099421,389.022950,15.021447
adm,245,212.036168137,157.102573894,389.901386,16.131530
adm,246,212.354838560,160.697681000,390.945150,15.317487
adm,247,212.665081470,167.709506498,391.961312,13.729794
adm,248,212.934605860,163.754917873,392.844105,14.625235
adm,249,213.253630613,165.553136795,393.889030,14.218063
adm,250,213.564848483,172.611271961,394.908385,12.619884
adm,251,213.834519173,179.664456775,395.791657,11.022826
adm,252,214.193889473,184.697795475,396.968729,9.883124
adm,253,214.463293723,184.386442612,397.851129,9.953624
adm,254,214.732951865,184.338420241,398.734360,9.964497
adm,255,215.092332461,190.808988187,399.911466,8.499362
adm,256,215.361858319,185.775920269,400.794264,9.639003
adm,257,215.679407335,192.875897089,401.834356,8.031351
adm,258,215.990770202,198.988675631,402.854185,6.647230
adm,259,216.350011965,202.363004426,404.030836,5.883178
adm,260,216.619675731,205.910549786,404.914086,5.079905
adm,261,216.937223608,204.291418239,405.954174,5.446526
adm,262,217.248576634,211.572795360,406.973971,3.797798
adm,263,217.519582765,209.414717683,407.861618,4.286454
adm,264,217.835661136,211.572668411,408.896893,3.797827
adm,265,218.148484033,217.686069869,409.921505,2.413565
adm,266,218.418015225,219.123569057,410.804320,2.088071
adm,267,218.777389489,221.369662986,411.981405,1.579487
adm,268,219.047269164,219.932175628,412.865362,1.904978
adm,269,219.314976486,222.359420024,413.742203,1.355375
adm,270,219.676046475,225.374460646,414.924842,0.672678
adm,271,219.945497660,225.913781294,415.807396,0.550559
adm,272,220.263257247,225.774339985,416.848177,0.582133
adm,273,220.574749176,226.810759204,417.868430,0.347455
