time_s,u_l_m_s,figure_read_bound_time_s,figure_read_bound_u_l_m_s
0.0,0.000,0.03,0.15
0.1,2.290,0.03,0.15
0.2,3.668,0.03,0.15
0.3,4.425,0.03,0.10
0.4,4.693,0.03,0.10
0.5,4.677,0.03,0.10
0.6,4.567,0.03,0.10
0.7,4.401,0.03,0.10
0.8,4.249,0.03,0.10
0.9,4.078,0.03,0.10
1.0,3.947,0.03,0.10
1.1,3.815,0.03,0.10
1.2,3.684,0.03,0.10
1.3,3.557,0.03,0.10
1.4,3.463,0.03,0.10
1.5,3.389,0.03,0.10
1.6,3.316,0.03,0.10
1.7,3.247,0.03,0.10
1.8,3.171,0.03,0.10
1.9,3.121,0.03,0.10
2.0,3.068,0.03,0.10
2.1,2.924,0.03,0.10
2.2,2.808,0.03,0.10
2.3,3.026,0.03,0.10
2.4,2.719,0.03,0.10
2.5,2.619,0.03,0.10
2.6,2.495,0.03,0.10
2.7,2.408,0.03,0.10
2.8,2.301,0.03,0.10
2.9,2.240,0.03,0.10
3.0,2.190,0.03,0.10
3.1,2.156,0.03,0.10
3.2,2.119,0.03,0.10
3.3,2.043,0.03,0.10
3.4,1.972,0.03,0.10
3.5,1.933,0.03,0.10
3.6,1.770,0.03,0.10
3.7,1.714,0.03,0.10
3.8,1.433,0.03,0.20
3.9,1.236,0.03,0.20
4.0,0.805,0.03,0.20
4.1,0.486,0.03,0.20
4.2,0.313,0.03,0.20
4.3,0.239,0.03,0.10
4.4,0.192,0.03,0.10
4.5,0.150,0.03,0.10
4.6,0.121,0.03,0.10
4.7,0.082,0.03,0.10
4.8,0.089,0.03,0.10
4.9,0.084,0.03,0.10
5.0,0.074,0.03,0.10
