time_s,u_l_m_s,figure_read_bound_time_s,figure_read_bound_u_l_m_s,source_pdf_sha256,pdf_page,journal_page,figure,series_id,source_pixel_x,source_pixel_y,sample_kind,read_method
0.0,0.000,0.03,0.15,128eeb1ea3ad30f5a2ecf9194e2b784be37e837982dec3bdcb7b9db48aa4e7e4,5,1519,4,dash8_blue,9,1148.000,axes_origin,blue_rgb_mask_column_median
0.1,2.322,0.03,0.15,128eeb1ea3ad30f5a2ecf9194e2b784be37e837982dec3bdcb7b9db48aa4e7e4,5,1519,4,dash8_blue,38,706.500,column_median,blue_rgb_mask_column_median
0.2,3.694,0.03,0.15,128eeb1ea3ad30f5a2ecf9194e2b784be37e837982dec3bdcb7b9db48aa4e7e4,5,1519,4,dash8_blue,67,445.500,column_median,blue_rgb_mask_column_median
0.3,4.422,0.03,0.10,128eeb1ea3ad30f5a2ecf9194e2b784be37e837982dec3bdcb7b9db48aa4e7e4,5,1519,4,dash8_blue,96,307.000,column_median,blue_rgb_mask_column_median
0.4,4.693,0.03,0.10,128eeb1ea3ad30f5a2ecf9194e2b784be37e837982dec3bdcb7b9db48aa4e7e4,5,1519,4,dash8_blue,125,255.500,column_median,blue_rgb_mask_column_median
0.5,4.675,0.03,0.10,128eeb1ea3ad30f5a2ecf9194e2b784be37e837982dec3bdcb7b9db48aa4e7e4,5,1519,4,dash8_blue,154,259.000,column_median,blue_rgb_mask_column_median
0.6,4.564,0.03,0.10,128eeb1ea3ad30f5a2ecf9194e2b784be37e837982dec3bdcb7b9db48aa4e7e4,5,1519,4,dash8_blue,183,280.000,column_median,blue_rgb_mask_column_median
0.7,4.404,0.03,0.10,128eeb1ea3ad30f5a2ecf9194e2b784be37e837982dec3bdcb7b9db48aa4e7e4,5,1519,4,dash8_blue,212,310.500,column_median,blue_rgb_mask_column_median
0.8,4.246,0.03,0.10,128eeb1ea3ad30f5a2ecf9194e2b784be37e837982dec3bdcb7b9db48aa4e7e4,5,1519,4,dash8_blue,241,340.500,column_median,blue_rgb_mask_column_median
0.9,4.078,0.03,0.10,128eeb1ea3ad30f5a2ecf9194e2b784be37e837982dec3bdcb7b9db48aa4e7e4,5,1519,4,dash8_blue,270,372.500,column_median,blue_rgb_mask_column_median
1.0,3.947,0.03,0.10,128eeb1ea3ad30f5a2ecf9194e2b784be37e837982dec3bdcb7b9db48aa4e7e4,5,1519,4,dash8_blue,299,397.500,column_median,blue_rgb_mask_column_median
1.1,3.815,0.03,0.10,128eeb1ea3ad30f5a2ecf9194e2b784be37e837982dec3bdcb7b9db48aa4e7e4,5,1519,4,dash8_blue,328,422.500,column_median,blue_rgb_mask_column_median
1.2,3.684,0.03,0.10,128eeb1ea3ad30f5a2ecf9194e2b784be37e837982dec3bdcb7b9db48aa4e7e4,5,1519,4,dash8_blue,357,447.500,column_median,blue_rgb_mask_column_median
1.3,3.557,0.03,0.10,128eeb1ea3ad30f5a2ecf9194e2b784be37e837982dec3bdcb7b9db48aa4e7e4,5,1519,4,dash8_blue,386,471.500,column_median,blue_rgb_mask_column_median
1.4,3.463,0.03,0.10,128eeb1ea3ad30f5a2ecf9194e2b784be37e837982dec3bdcb7b9db48aa4e7e4,5,1519,4,dash8_blue,415,489.500,column_median,blue_rgb_mask_column_median
1.5,3.389,0.03,0.10,128eeb1ea3ad30f5a2ecf9194e2b784be37e837982dec3bdcb7b9db48aa4e7e4,5,1519,4,dash8_blue,444,503.500,column_median,blue_rgb_mask_column_median
1.6,3.316,0.03,0.10,128eeb1ea3ad30f5a2ecf9194e2b784be37e837982dec3bdcb7b9db48aa4e7e4,5,1519,4,dash8_blue,473,517.500,column_median,blue_rgb_mask_column_median
1.7,3.245,0.03,0.10,128eeb1ea3ad30f5a2ecf9194e2b784be37e837982dec3bdcb7b9db48aa4e7e4,5,1519,4,dash8_blue,502,531.000,column_median,blue_rgb_mask_column_median
1.8,3.171,0.03,0.10,128eeb1ea3ad30f5a2ecf9194e2b784be37e837982dec3bdcb7b9db48aa4e7e4,5,1519,4,dash8_blue,531,545.000,column_median,blue_rgb_mask_column_median
1.9,3.118,0.03,0.10,128eeb1ea3ad30f5a2ecf9194e2b784be37e837982dec3bdcb7b9db48aa4e7e4,5,1519,4,dash8_blue,560,555.000,column_median,blue_rgb_mask_column_median
2.0,3.066,0.03,0.10,128eeb1ea3ad30f5a2ecf9194e2b784be37e837982dec3bdcb7b9db48aa4e7e4,5,1519,4,dash8_blue,589,565.000,column_median,blue_rgb_mask_column_median
2.1,2.924,0.03,0.10,128eeb1ea3ad30f5a2ecf9194e2b784be37e837982dec3bdcb7b9db48aa4e7e4,5,1519,4,dash8_blue,618,592.000,column_median,blue_rgb_mask_column_median
2.2,2.805,0.03,0.10,128eeb1ea3ad30f5a2ecf9194e2b784be37e837982dec3bdcb7b9db48aa4e7e4,5,1519,4,dash8_blue,647,614.500,column_median,blue_rgb_mask_column_median
2.3,3.005,0.03,0.10,128eeb1ea3ad30f5a2ecf9194e2b784be37e837982dec3bdcb7b9db48aa4e7e4,5,1519,4,dash8_blue,676,576.500,column_median,blue_rgb_mask_column_median
2.4,2.713,0.03,0.10,128eeb1ea3ad30f5a2ecf9194e2b784be37e837982dec3bdcb7b9db48aa4e7e4,5,1519,4,dash8_blue,705,632.000,column_median,blue_rgb_mask_column_median
2.5,2.616,0.03,0.10,128eeb1ea3ad30f5a2ecf9194e2b784be37e837982dec3bdcb7b9db48aa4e7e4,5,1519,4,dash8_blue,734,650.500,column_median,blue_rgb_mask_column_median
2.6,2.495,0.03,0.10,128eeb1ea3ad30f5a2ecf9194e2b784be37e837982dec3bdcb7b9db48aa4e7e4,5,1519,4,dash8_blue,763,673.500,lower_data_branch,blue_rgb_mask_column_median
2.7,2.408,0.03,0.10,128eeb1ea3ad30f5a2ecf9194e2b784be37e837982dec3bdcb7b9db48aa4e7e4,5,1519,4,dash8_blue,792,690.000,lower_data_branch,blue_rgb_mask_column_median
2.8,2.298,0.03,0.10,128eeb1ea3ad30f5a2ecf9194e2b784be37e837982dec3bdcb7b9db48aa4e7e4,5,1519,4,dash8_blue,821,711.000,lower_data_branch,blue_rgb_mask_column_median
2.9,2.235,0.03,0.10,128eeb1ea3ad30f5a2ecf9194e2b784be37e837982dec3bdcb7b9db48aa4e7e4,5,1519,4,dash8_blue,850,723.000,lower_data_branch,blue_rgb_mask_column_median
3.0,2.185,0.03,0.10,128eeb1ea3ad30f5a2ecf9194e2b784be37e837982dec3bdcb7b9db48aa4e7e4,5,1519,4,dash8_blue,879,732.500,lower_data_branch,blue_rgb_mask_column_median
3.1,2.153,0.03,0.10,128eeb1ea3ad30f5a2ecf9194e2b784be37e837982dec3bdcb7b9db48aa4e7e4,5,1519,4,dash8_blue,908,738.500,lower_data_branch,blue_rgb_mask_column_median
3.2,2.119,0.03,0.10,128eeb1ea3ad30f5a2ecf9194e2b784be37e837982dec3bdcb7b9db48aa4e7e4,5,1519,4,dash8_blue,937,745.000,column_median,blue_rgb_mask_column_median
3.3,2.043,0.03,0.10,128eeb1ea3ad30f5a2ecf9194e2b784be37e837982dec3bdcb7b9db48aa4e7e4,5,1519,4,dash8_blue,966,759.500,column_median,blue_rgb_mask_column_median
3.4,1.967,0.03,0.10,128eeb1ea3ad30f5a2ecf9194e2b784be37e837982dec3bdcb7b9db48aa4e7e4,5,1519,4,dash8_blue,995,774.000,column_median,blue_rgb_mask_column_median
3.5,1.933,0.03,0.10,128eeb1ea3ad30f5a2ecf9194e2b784be37e837982dec3bdcb7b9db48aa4e7e4,5,1519,4,dash8_blue,1024,780.500,column_median,blue_rgb_mask_column_median
3.6,1.770,0.03,0.10,128eeb1ea3ad30f5a2ecf9194e2b784be37e837982dec3bdcb7b9db48aa4e7e4,5,1519,4,dash8_blue,1053,811.500,column_median,blue_rgb_mask_column_median
3.7,1.714,0.03,0.10,128eeb1ea3ad30f5a2ecf9194e2b784be37e837982dec3bdcb7b9db48aa4e7e4,5,1519,4,dash8_blue,1082,822.000,column_median,blue_rgb_mask_column_median
3.8,1.438,0.03,0.20,128eeb1ea3ad30f5a2ecf9194e2b784be37e837982dec3bdcb7b9db48aa4e7e4,5,1519,4,dash8_blue,1111,874.500,column_median,blue_rgb_mask_column_median
3.9,1.238,0.03,0.20,128eeb1ea3ad30f5a2ecf9194e2b784be37e837982dec3bdcb7b9db48aa4e7e4,5,1519,4,dash8_blue,1140,912.500,column_median,blue_rgb_mask_column_median
4.0,0.818,0.03,0.20,128eeb1ea3ad30f5a2ecf9194e2b784be37e837982dec3bdcb7b9db48aa4e7e4,5,1519,4,dash8_blue,1169,992.500,column_median,blue_rgb_mask_column_median
4.1,0.492,0.03,0.20,128eeb1ea3ad30f5a2ecf9194e2b784be37e837982dec3bdcb7b9db48aa4e7e4,5,1519,4,dash8_blue,1198,1054.500,column_median,blue_rgb_mask_column_median
4.2,0.310,0.03,0.20,128eeb1ea3ad30f5a2ecf9194e2b784be37e837982dec3bdcb7b9db48aa4e7e4,5,1519,4,dash8_blue,1227,1089.000,column_median,blue_rgb_mask_column_median
4.3,0.239,0.03,0.10,128eeb1ea3ad30f5a2ecf9194e2b784be37e837982dec3bdcb7b9db48aa4e7e4,5,1519,4,dash8_blue,1256,1102.500,column_median,blue_rgb_mask_column_median
4.4,0.187,0.03,0.10,128eeb1ea3ad30f5a2ecf9194e2b784be37e837982dec3bdcb7b9db48aa4e7e4,5,1519,4,dash8_blue,1285,1112.500,column_median,blue_rgb_mask_column_median
4.5,0.147,0.03,0.10,128eeb1ea3ad30f5a2ecf9194e2b784be37e837982dec3bdcb7b9db48aa4e7e4,5,1519,4,dash8_blue,1314,1120.000,column_median,blue_rgb_mask_column_median
4.6,0.121,0.03,0.10,128eeb1ea3ad30f5a2ecf9194e2b784be37e837982dec3bdcb7b9db48aa4e7e4,5,1519,4,dash8_blue,1343,1125.000,column_median,blue_rgb_mask_column_median
4.7,0.076,0.03,0.10,128eeb1ea3ad30f5a2ecf9194e2b784be37e837982dec3bdcb7b9db48aa4e7e4,5,1519,4,dash8_blue,1372,1133.500,column_median,blue_rgb_mask_column_median
4.8,0.089,0.03,0.10,128eeb1ea3ad30f5a2ecf9194e2b784be37e837982dec3bdcb7b9db48aa4e7e4,5,1519,4,dash8_blue,1401,1131.000,column_median,blue_rgb_mask_column_median
4.9,0.079,0.03,0.10,128eeb1ea3ad30f5a2ecf9194e2b784be37e837982dec3bdcb7b9db48aa4e7e4,5,1519,4,dash8_blue,1430,1133.000,column_median,blue_rgb_mask_column_median
5.0,0.068,0.03,0.10,128eeb1ea3ad30f5a2ecf9194e2b784be37e837982dec3bdcb7b9db48aa4e7e4,5,1519,4,dash8_blue,1459,1135.000,column_median,blue_rgb_mask_column_median
