source_pdf_sha256,pdf_page,journal_page,figure,series_id,exit_label,figure_color,time_s,u_l_m_s,sample_kind,source_pixel_x,source_pixel_y,figure_read_bound_time_s,figure_read_bound_u_l_m_s
128eeb1ea3ad30f5a2ecf9194e2b784be37e837982dec3bdcb7b9db48aa4e7e4,5,1519,4,cl415_top_exit_red,top_exit,red,0.043103,0.6716640534162988,visible_start,290.0,1753.0,0.014367816091954023,0.030586718869330173
128eeb1ea3ad30f5a2ecf9194e2b784be37e837982dec3bdcb7b9db48aa4e7e4,5,1519,4,cl415_top_exit_red,top_exit,red,0.1,1.5936351507632516,uniform_0p1s,300.0,1647.5,0.014367816091954023,0.05243437520456601
128eeb1ea3ad30f5a2ecf9194e2b784be37e837982dec3bdcb7b9db48aa4e7e4,5,1519,4,cl415_top_exit_red,top_exit,red,0.2,3.09238437536043,uniform_0p1s,317.0,1476.0,0.014367816091954023,0.07428203153980185
128eeb1ea3ad30f5a2ecf9194e2b784be37e837982dec3bdcb7b9db48aa4e7e4,5,1519,4,cl415_top_exit_red,top_exit,red,0.3,4.4513085994120996,uniform_0p1s,335.0,1320.5,0.028735632183908046,0.04369531267047168
128eeb1ea3ad30f5a2ecf9194e2b784be37e837982dec3bdcb7b9db48aa4e7e4,5,1519,4,cl415_top_exit_red,top_exit,red,0.4,5.264041415082872,uniform_0p1s,352.0,1227.5,0.028735632183908046,0.10923828167617919
128eeb1ea3ad30f5a2ecf9194e2b784be37e837982dec3bdcb7b9db48aa4e7e4,5,1519,4,cl415_top_exit_red,top_exit,red,0.5,5.5305828223727485,uniform_0p1s,370.0,1197.0,0.05747126436781609,0.04369531267047168
128eeb1ea3ad30f5a2ecf9194e2b784be37e837982dec3bdcb7b9db48aa4e7e4,5,1519,4,cl415_top_exit_red,top_exit,red,0.6,5.3776492280260975,uniform_0p1s,387.0,1214.5,0.031609195402298854,0.08739062534094336
128eeb1ea3ad30f5a2ecf9194e2b784be37e837982dec3bdcb7b9db48aa4e7e4,5,1519,4,cl415_top_exit_red,top_exit,red,0.7,4.875153132315674,uniform_0p1s,404.0,1272.0,0.028735632183908046,0.13108593801141502
128eeb1ea3ad30f5a2ecf9194e2b784be37e837982dec3bdcb7b9db48aa4e7e4,5,1519,4,cl415_top_exit_red,top_exit,red,0.8,4.0973765667812785,uniform_0p1s,422.0,1361.0,0.031609195402298854,0.14419453181255654
128eeb1ea3ad30f5a2ecf9194e2b784be37e837982dec3bdcb7b9db48aa4e7e4,5,1519,4,cl415_top_exit_red,top_exit,red,0.9,3.319600001246883,uniform_0p1s,439.0,1450.0,0.028735632183908046,0.12234687547732069
128eeb1ea3ad30f5a2ecf9194e2b784be37e837982dec3bdcb7b9db48aa4e7e4,5,1519,4,cl415_top_exit_red,top_exit,red,1.0,2.2359562470191854,uniform_0p1s,457.0,1574.0,0.028735632183908046,0.16604218814779237
128eeb1ea3ad30f5a2ecf9194e2b784be37e837982dec3bdcb7b9db48aa4e7e4,5,1519,4,cl415_top_exit_red,top_exit,red,1.1,1.1610515553255816,uniform_0p1s,474.0,1697.0,0.031609195402298854,0.08302109407389618
128eeb1ea3ad30f5a2ecf9194e2b784be37e837982dec3bdcb7b9db48aa4e7e4,5,1519,4,cl415_top_exit_red,top_exit,red,1.2,0.9207273356379879,uniform_0p1s,491.0,1724.5,0.028735632183908046,0.10486875040913202
128eeb1ea3ad30f5a2ecf9194e2b784be37e837982dec3bdcb7b9db48aa4e7e4,5,1519,4,cl415_top_exit_red,top_exit,red,1.3,0.5755343655412606,uniform_0p1s,509.0,1764.0,0.031609195402298854,0.1354554692784622
128eeb1ea3ad30f5a2ecf9194e2b784be37e837982dec3bdcb7b9db48aa4e7e4,5,1519,4,cl415_top_exit_red,top_exit,red,1.4,0.12984217630244999,uniform_0p1s,526.0,1815.0,0.040229885057471264,0.06554296900570751
128eeb1ea3ad30f5a2ecf9194e2b784be37e837982dec3bdcb7b9db48aa4e7e4,5,1519,4,cl415_top_exit_red,top_exit,red,1.5,0.016234363359224346,uniform_0p1s,544.0,1828.0,0.1724137931034483,0.03495625013637734
128eeb1ea3ad30f5a2ecf9194e2b784be37e837982dec3bdcb7b9db48aa4e7e4,5,1519,4,cl415_top_exit_red,top_exit,red,1.6,0.02497342589331808,uniform_0p1s,561.0,1827.0,0.16954022988505746,0.04369531267047168
128eeb1ea3ad30f5a2ecf9194e2b784be37e837982dec3bdcb7b9db48aa4e7e4,5,1519,4,cl415_top_exit_red,top_exit,red,1.7,0.016234363359224346,uniform_0p1s,578.0,1828.0,0.1724137931034483,0.04369531267047168
128eeb1ea3ad30f5a2ecf9194e2b784be37e837982dec3bdcb7b9db48aa4e7e4,5,1519,4,cl415_top_exit_red,top_exit,red,1.8,0.1516898326376861,uniform_0p1s,596.0,1812.5,0.04310344827586207,0.06554296900570751
128eeb1ea3ad30f5a2ecf9194e2b784be37e837982dec3bdcb7b9db48aa4e7e4,5,1519,4,cl415_top_exit_red,top_exit,red,1.9,0.020603894626271213,uniform_0p1s,613.0,1827.5,0.05459770114942529,0.06991250027275468
128eeb1ea3ad30f5a2ecf9194e2b784be37e837982dec3bdcb7b9db48aa4e7e4,5,1519,4,cl415_top_exit_red,top_exit,red,2.002874,0.05992967602969479,visible_end,631.0,1823.0,0.017241379310344827,0.030586718869330173
128eeb1ea3ad30f5a2ecf9194e2b784be37e837982dec3bdcb7b9db48aa4e7e4,5,1519,4,cl415_bottom_exit_green,bottom_exit,green,0.031609,0.6410773345469689,visible_start,288.0,1756.5,0.014367816091954023,0.10049921914208486
128eeb1ea3ad30f5a2ecf9194e2b784be37e837982dec3bdcb7b9db48aa4e7e4,5,1519,4,cl415_bottom_exit_green,bottom_exit,green,0.1,1.890763276922458,uniform_0p1s,300.0,1613.5,0.022988505747126436,0.18352031321598103
128eeb1ea3ad30f5a2ecf9194e2b784be37e837982dec3bdcb7b9db48aa4e7e4,5,1519,4,cl415_bottom_exit_green,bottom_exit,green,0.2,3.3589257826503065,uniform_0p1s,317.0,1445.5,0.028735632183908046,0.12234687547732069
128eeb1ea3ad30f5a2ecf9194e2b784be37e837982dec3bdcb7b9db48aa4e7e4,5,1519,4,cl415_bottom_exit_green,bottom_exit,green,0.3,4.752806256838353,uniform_0p1s,335.0,1286.0,0.02586206896551724,0.18352031321598103
128eeb1ea3ad30f5a2ecf9194e2b784be37e837982dec3bdcb7b9db48aa4e7e4,5,1519,4,cl415_bottom_exit_green,bottom_exit,green,0.4,5.574278135043221,uniform_0p1s,352.0,1192.0,0.031609195402298854,0.12234687547732069
128eeb1ea3ad30f5a2ecf9194e2b784be37e837982dec3bdcb7b9db48aa4e7e4,5,1519,4,cl415_bottom_exit_green,bottom_exit,green,0.5,5.954427355276325,uniform_0p1s,370.0,1148.5,0.06896551724137931,0.05243437520456601
128eeb1ea3ad30f5a2ecf9194e2b784be37e837982dec3bdcb7b9db48aa4e7e4,5,1519,4,cl415_bottom_exit_green,bottom_exit,green,0.6,5.880145323736523,uniform_0p1s,387.0,1157.0,0.031609195402298854,0.06991250027275468
128eeb1ea3ad30f5a2ecf9194e2b784be37e837982dec3bdcb7b9db48aa4e7e4,5,1519,4,cl415_bottom_exit_green,bottom_exit,green,0.7,5.486887509702278,uniform_0p1s,404.0,1202.0,0.028735632183908046,0.10923828167617919
128eeb1ea3ad30f5a2ecf9194e2b784be37e837982dec3bdcb7b9db48aa4e7e4,5,1519,4,cl415_bottom_exit_green,bottom_exit,green,0.8,4.827088288378155,uniform_0p1s,422.0,1277.5,0.028735632183908046,0.13982500054550936
128eeb1ea3ad30f5a2ecf9194e2b784be37e837982dec3bdcb7b9db48aa4e7e4,5,1519,4,cl415_bottom_exit_green,bottom_exit,green,0.9,4.079898441713089,uniform_0p1s,439.0,1363.0,0.020114942528735632,0.09612968787503769
128eeb1ea3ad30f5a2ecf9194e2b784be37e837982dec3bdcb7b9db48aa4e7e4,5,1519,4,cl415_bottom_exit_green,bottom_exit,green,1.0,3.2278398446388916,uniform_0p1s,457.0,1460.5,0.02586206896551724,0.12671640674436785
128eeb1ea3ad30f5a2ecf9194e2b784be37e837982dec3bdcb7b9db48aa4e7e4,5,1519,4,cl415_bottom_exit_green,bottom_exit,green,1.1,2.6379531235875238,uniform_0p1s,474.0,1528.0,0.028735632183908046,0.22284609461940555
128eeb1ea3ad30f5a2ecf9194e2b784be37e837982dec3bdcb7b9db48aa4e7e4,5,1519,4,cl415_bottom_exit_green,bottom_exit,green,1.2,1.9126109332576942,uniform_0p1s,491.0,1611.0,0.028735632183908046,0.09176015660799051
128eeb1ea3ad30f5a2ecf9194e2b784be37e837982dec3bdcb7b9db48aa4e7e4,5,1519,4,cl415_bottom_exit_green,bottom_exit,green,1.3,1.5062445254223071,uniform_0p1s,509.0,1657.5,0.02586206896551724,0.13982500054550936
128eeb1ea3ad30f5a2ecf9194e2b784be37e837982dec3bdcb7b9db48aa4e7e4,5,1519,4,cl415_bottom_exit_green,bottom_exit,green,1.4,1.2134859305301475,uniform_0p1s,526.0,1691.0,0.06896551724137931,0.061173437738660345
128eeb1ea3ad30f5a2ecf9194e2b784be37e837982dec3bdcb7b9db48aa4e7e4,5,1519,4,cl415_bottom_exit_green,bottom_exit,green,1.5,0.8770320229675157,uniform_0p1s,544.0,1729.5,0.031609195402298854,0.11797734421027353
128eeb1ea3ad30f5a2ecf9194e2b784be37e837982dec3bdcb7b9db48aa4e7e4,5,1519,4,cl415_bottom_exit_green,bottom_exit,green,1.6,0.14732030137063923,uniform_0p1s,561.0,1813.0,0.031609195402298854,0.08302109407389618
128eeb1ea3ad30f5a2ecf9194e2b784be37e837982dec3bdcb7b9db48aa4e7e4,5,1519,4,cl415_bottom_exit_green,bottom_exit,green,1.7,0.1735374889729222,uniform_0p1s,578.0,1810.0,0.048850574712643674,0.05243437520456601
128eeb1ea3ad30f5a2ecf9194e2b784be37e837982dec3bdcb7b9db48aa4e7e4,5,1519,4,cl415_bottom_exit_green,bottom_exit,green,1.8,0.05992967602969479,uniform_0p1s,596.0,1823.0,0.06034482758620689,0.06554296900570751
128eeb1ea3ad30f5a2ecf9194e2b784be37e837982dec3bdcb7b9db48aa4e7e4,5,1519,4,cl415_bottom_exit_green,bottom_exit,green,1.9,0.19975467657520518,uniform_0p1s,613.0,1807.0,0.048850574712643674,0.061173437738660345
128eeb1ea3ad30f5a2ecf9194e2b784be37e837982dec3bdcb7b9db48aa4e7e4,5,1519,4,cl415_bottom_exit_green,bottom_exit,green,1.974138,0.051190613495601056,visible_end,626.0,1824.0,0.040229885057471264,0.061173437738660345
