series,time_s,count_digitized,read_bound_count,read_bound_time_s,plot_x_px,plot_y_px
cloud_alpha_0p001_to_1,0.1,37,5,0.01,100.583,1033.500
cloud_alpha_0p001_to_1,0.2,52,5,0.01,145.667,997.167
cloud_alpha_0p001_to_1,0.3,8,5,0.01,190.750,1107.625
cloud_alpha_0p001_to_1,0.4,19,5,0.01,235.833,1079.083
cloud_alpha_0p001_to_1,0.5,18,5,0.01,280.917,1083.083
cloud_alpha_0p001_to_1,0.6,43,5,0.01,326.000,1018.500
cloud_alpha_0p001_to_1,0.7,122,5,0.01,371.083,819.625
cloud_alpha_0p001_to_1,0.8,182,5,0.01,416.167,668.833
cloud_alpha_0p001_to_1,0.9,258,5,0.01,461.250,478.875
cloud_alpha_0p001_to_1,1.0,353,5,0.01,506.333,240.333
cloud_alpha_0p001_to_1,1.1,421,5,0.01,551.417,68.375
cloud_alpha_0p001_to_1,1.2,406,5,0.01,596.500,106.500
cloud_alpha_0p001_to_1,1.3,383,5,0.01,641.583,163.583
cloud_alpha_0p001_to_1,1.4,363,5,0.01,686.667,215.167
cloud_alpha_0p001_to_1,1.5,340,5,0.01,731.750,272.000
cloud_alpha_0p001_to_1,1.6,362,5,0.01,776.833,216.917
cloud_alpha_0p001_to_1,1.7,329,5,0.01,821.917,299.333
cloud_alpha_0p001_to_1,1.8,326,5,0.01,867.000,308.000
cloud_alpha_0p001_to_1,1.9,310,5,0.01,912.083,348.292
cloud_alpha_0p001_to_1,2.0,250,5,0.01,957.167,499.750
cloud_alpha_0p001_to_1,2.1,248,5,0.01,1002.250,504.625
cloud_alpha_0p001_to_1,2.2,218,5,0.01,1047.333,580.000
cloud_alpha_0p001_to_1,2.3,182,5,0.01,1092.417,670.375
cloud_alpha_0p001_to_1,2.4,94,5,0.01,1137.500,890.750
cloud_alpha_0p001_to_1,2.5,61,5,0.01,1182.583,972.875
cloud_alpha_0p001_to_1,2.6,23,5,0.01,1227.667,1070.667
cloud_alpha_0p001_to_1,2.7,18,5,0.01,1272.750,1082.935
cloud_alpha_0p001_to_1,2.8,24,5,0.01,1317.833,1068.167
cloud_alpha_0p001_to_1,2.9,29,5,0.01,1362.917,1055.542
cloud_alpha_0p001_to_1,3.0,33,5,0.01,1408.000,1044.500
core_alpha_0p9_to_1,0.1,3,5,0.01,100.583,1119.500
core_alpha_0p9_to_1,0.2,2,5,0.01,145.667,1121.500
core_alpha_0p9_to_1,0.3,2,5,0.01,190.750,1122.000
core_alpha_0p9_to_1,0.4,2,5,0.01,235.833,1121.500
core_alpha_0p9_to_1,0.5,4,5,0.01,280.917,1118.458
core_alpha_0p9_to_1,0.6,7,5,0.01,326.000,1110.500
core_alpha_0p9_to_1,0.7,13,5,0.01,371.083,1095.958
core_alpha_0p9_to_1,0.8,16,5,0.01,416.167,1087.000
core_alpha_0p9_to_1,0.9,27,5,0.01,461.250,1059.375
core_alpha_0p9_to_1,1.0,24,5,0.01,506.333,1066.000
core_alpha_0p9_to_1,1.1,25,5,0.01,551.417,1065.792
core_alpha_0p9_to_1,1.2,31,5,0.01,596.500,1050.500
core_alpha_0p9_to_1,1.3,54,5,0.01,641.583,992.417
core_alpha_0p9_to_1,1.4,49,5,0.01,686.667,1004.167
core_alpha_0p9_to_1,1.5,33,5,0.01,731.750,1044.375
core_alpha_0p9_to_1,1.6,37,5,0.01,776.833,1034.083
core_alpha_0p9_to_1,1.7,50,5,0.01,821.917,1000.500
core_alpha_0p9_to_1,1.8,49,5,0.01,867.000,1003.500
core_alpha_0p9_to_1,1.9,36,5,0.01,912.083,1037.042
core_alpha_0p9_to_1,2.0,38,5,0.01,957.167,1033.167
core_alpha_0p9_to_1,2.1,32,5,0.01,1002.250,1048.000
core_alpha_0p9_to_1,2.2,30,5,0.01,1047.333,1051.000
core_alpha_0p9_to_1,2.3,22,5,0.01,1092.417,1073.000
core_alpha_0p9_to_1,2.4,22,5,0.01,1137.500,1073.250
core_alpha_0p9_to_1,2.5,17,5,0.01,1182.583,1085.500
core_alpha_0p9_to_1,2.6,18,5,0.01,1227.667,1081.500
core_alpha_0p9_to_1,2.7,14,5,0.01,1272.750,1091.500
core_alpha_0p9_to_1,2.8,13,5,0.01,1317.833,1096.000
core_alpha_0p9_to_1,2.9,13,5,0.01,1362.917,1094.000
core_alpha_0p9_to_1,3.0,13,5,0.01,1408.000,1095.500
