time_s,count,raw_count,count_target_min,count_target_max,count_read_status,alpha_threshold,read_bound_time_s,read_bound_count,source_figure,panel,aircraft,pdf_page,journal_page,nominal_time_s,nearest_read_offset_s,status,method,source_pdf_sha256
,,,,,no_visible_trace_read,0.001 <= alpha_L <= 1,0.01,5,11c,c,Dash-8,10,1524,0.1,,not_digitized_no_visible_trace_within_time_read_bound,nearest native raster-column read within +/-0.01 s; no interpolation or extrapolation,128eeb1ea3ad30f5a2ecf9194e2b784be37e837982dec3bdcb7b9db48aa4e7e4
,,,,,no_visible_trace_read,0.001 <= alpha_L <= 1,0.01,5,11c,c,Dash-8,10,1524,0.2,,not_digitized_no_visible_trace_within_time_read_bound,nearest native raster-column read within +/-0.01 s; no interpolation or extrapolation,128eeb1ea3ad30f5a2ecf9194e2b784be37e837982dec3bdcb7b9db48aa4e7e4
0.297332,8,8.167,3.167,13.167,resolved_positive_count_read,0.001 <= alpha_L <= 1,0.01,5,11c,c,Dash-8,10,1524,0.3,-0.002668,nearest_visible_native_pixel_column; no interpolation,nearest native raster-column read within +/-0.01 s; no interpolation or extrapolation,128eeb1ea3ad30f5a2ecf9194e2b784be37e837982dec3bdcb7b9db48aa4e7e4
0.396442,26,25.667,20.667,30.667,resolved_positive_count_read,0.001 <= alpha_L <= 1,0.01,5,11c,c,Dash-8,10,1524,0.4,-0.003558,nearest_visible_native_pixel_column; no interpolation,nearest native raster-column read within +/-0.01 s; no interpolation or extrapolation,128eeb1ea3ad30f5a2ecf9194e2b784be37e837982dec3bdcb7b9db48aa4e7e4
0.503177,50,50.167,45.167,55.167,resolved_positive_count_read,0.001 <= alpha_L <= 1,0.01,5,11c,c,Dash-8,10,1524,0.5,+0.003177,nearest_visible_native_pixel_column; no interpolation,nearest native raster-column read within +/-0.01 s; no interpolation or extrapolation,128eeb1ea3ad30f5a2ecf9194e2b784be37e837982dec3bdcb7b9db48aa4e7e4
0.602287,93,92.750,87.750,97.750,resolved_positive_count_read,0.001 <= alpha_L <= 1,0.01,5,11c,c,Dash-8,10,1524,0.6,+0.002287,nearest_visible_native_pixel_column; no interpolation,nearest native raster-column read within +/-0.01 s; no interpolation or extrapolation,128eeb1ea3ad30f5a2ecf9194e2b784be37e837982dec3bdcb7b9db48aa4e7e4
0.701398,131,131.250,126.250,136.250,resolved_positive_count_read,0.001 <= alpha_L <= 1,0.01,5,11c,c,Dash-8,10,1524,0.7,+0.001398,nearest_visible_native_pixel_column; no interpolation,nearest native raster-column read within +/-0.01 s; no interpolation or extrapolation,128eeb1ea3ad30f5a2ecf9194e2b784be37e837982dec3bdcb7b9db48aa4e7e4
0.800508,165,165.083,160.083,170.083,resolved_positive_count_read,0.001 <= alpha_L <= 1,0.01,5,11c,c,Dash-8,10,1524,0.8,+0.000508,nearest_visible_native_pixel_column; no interpolation,nearest native raster-column read within +/-0.01 s; no interpolation or extrapolation,128eeb1ea3ad30f5a2ecf9194e2b784be37e837982dec3bdcb7b9db48aa4e7e4
0.899619,204,203.583,198.583,208.583,resolved_positive_count_read,0.001 <= alpha_L <= 1,0.01,5,11c,c,Dash-8,10,1524,0.9,-0.000381,nearest_visible_native_pixel_column; no interpolation,nearest native raster-column read within +/-0.01 s; no interpolation or extrapolation,128eeb1ea3ad30f5a2ecf9194e2b784be37e837982dec3bdcb7b9db48aa4e7e4
0.998729,267,266.583,261.583,271.583,resolved_positive_count_read,0.001 <= alpha_L <= 1,0.01,5,11c,c,Dash-8,10,1524,1.0,-0.001271,nearest_visible_native_pixel_column; no interpolation,nearest native raster-column read within +/-0.01 s; no interpolation or extrapolation,128eeb1ea3ad30f5a2ecf9194e2b784be37e837982dec3bdcb7b9db48aa4e7e4
1.097840,298,298.083,293.083,303.083,resolved_positive_count_read,0.001 <= alpha_L <= 1,0.01,5,11c,c,Dash-8,10,1524,1.1,-0.002160,nearest_visible_native_pixel_column; no interpolation,nearest native raster-column read within +/-0.01 s; no interpolation or extrapolation,128eeb1ea3ad30f5a2ecf9194e2b784be37e837982dec3bdcb7b9db48aa4e7e4
1.196950,356,356.417,351.417,361.417,resolved_positive_count_read,0.001 <= alpha_L <= 1,0.01,5,11c,c,Dash-8,10,1524,1.2,-0.003050,nearest_visible_native_pixel_column; no interpolation,nearest native raster-column read within +/-0.01 s; no interpolation or extrapolation,128eeb1ea3ad30f5a2ecf9194e2b784be37e837982dec3bdcb7b9db48aa4e7e4
1.303685,435,435.167,430.167,440.167,resolved_positive_count_read,0.001 <= alpha_L <= 1,0.01,5,11c,c,Dash-8,10,1524,1.3,+0.003685,nearest_visible_native_pixel_column; no interpolation,nearest native raster-column read within +/-0.01 s; no interpolation or extrapolation,128eeb1ea3ad30f5a2ecf9194e2b784be37e837982dec3bdcb7b9db48aa4e7e4
1.402795,491,490.583,485.583,495.583,resolved_positive_count_read,0.001 <= alpha_L <= 1,0.01,5,11c,c,Dash-8,10,1524,1.4,+0.002795,nearest_visible_native_pixel_column; no interpolation,nearest native raster-column read within +/-0.01 s; no interpolation or extrapolation,128eeb1ea3ad30f5a2ecf9194e2b784be37e837982dec3bdcb7b9db48aa4e7e4
1.501906,513,512.750,507.750,517.750,resolved_positive_count_read,0.001 <= alpha_L <= 1,0.01,5,11c,c,Dash-8,10,1524,1.5,+0.001906,nearest_visible_native_pixel_column; no interpolation,nearest native raster-column read within +/-0.01 s; no interpolation or extrapolation,128eeb1ea3ad30f5a2ecf9194e2b784be37e837982dec3bdcb7b9db48aa4e7e4
1.601017,533,532.583,527.583,537.583,resolved_positive_count_read,0.001 <= alpha_L <= 1,0.01,5,11c,c,Dash-8,10,1524,1.6,+0.001017,nearest_visible_native_pixel_column; no interpolation,nearest native raster-column read within +/-0.01 s; no interpolation or extrapolation,128eeb1ea3ad30f5a2ecf9194e2b784be37e837982dec3bdcb7b9db48aa4e7e4
1.700127,521,520.917,515.917,525.917,resolved_positive_count_read,0.001 <= alpha_L <= 1,0.01,5,11c,c,Dash-8,10,1524,1.7,+0.000127,nearest_visible_native_pixel_column; no interpolation,nearest native raster-column read within +/-0.01 s; no interpolation or extrapolation,128eeb1ea3ad30f5a2ecf9194e2b784be37e837982dec3bdcb7b9db48aa4e7e4
1.799238,481,481.250,476.250,486.250,resolved_positive_count_read,0.001 <= alpha_L <= 1,0.01,5,11c,c,Dash-8,10,1524,1.8,-0.000762,nearest_visible_native_pixel_column; no interpolation,nearest native raster-column read within +/-0.01 s; no interpolation or extrapolation,128eeb1ea3ad30f5a2ecf9194e2b784be37e837982dec3bdcb7b9db48aa4e7e4
1.898348,474,473.667,468.667,478.667,resolved_positive_count_read,0.001 <= alpha_L <= 1,0.01,5,11c,c,Dash-8,10,1524,1.9,-0.001652,nearest_visible_native_pixel_column; no interpolation,nearest native raster-column read within +/-0.01 s; no interpolation or extrapolation,128eeb1ea3ad30f5a2ecf9194e2b784be37e837982dec3bdcb7b9db48aa4e7e4
1.997459,480,479.500,474.500,484.500,resolved_positive_count_read,0.001 <= alpha_L <= 1,0.01,5,11c,c,Dash-8,10,1524,2.0,-0.002541,nearest_visible_native_pixel_column; no interpolation,nearest native raster-column read within +/-0.01 s; no interpolation or extrapolation,128eeb1ea3ad30f5a2ecf9194e2b784be37e837982dec3bdcb7b9db48aa4e7e4
2.096569,485,485.333,480.333,490.333,resolved_positive_count_read,0.001 <= alpha_L <= 1,0.01,5,11c,c,Dash-8,10,1524,2.1,-0.003431,nearest_visible_native_pixel_column; no interpolation,nearest native raster-column read within +/-0.01 s; no interpolation or extrapolation,128eeb1ea3ad30f5a2ecf9194e2b784be37e837982dec3bdcb7b9db48aa4e7e4
2.203304,454,453.833,448.833,458.833,resolved_positive_count_read,0.001 <= alpha_L <= 1,0.01,5,11c,c,Dash-8,10,1524,2.2,+0.003304,nearest_visible_native_pixel_column; no interpolation,nearest native raster-column read within +/-0.01 s; no interpolation or extrapolation,128eeb1ea3ad30f5a2ecf9194e2b784be37e837982dec3bdcb7b9db48aa4e7e4
2.302414,453,453.250,448.250,458.250,resolved_positive_count_read,0.001 <= alpha_L <= 1,0.01,5,11c,c,Dash-8,10,1524,2.3,+0.002414,nearest_visible_native_pixel_column; no interpolation,nearest native raster-column read within +/-0.01 s; no interpolation or extrapolation,128eeb1ea3ad30f5a2ecf9194e2b784be37e837982dec3bdcb7b9db48aa4e7e4
2.401525,457,457.333,452.333,462.333,resolved_positive_count_read,0.001 <= alpha_L <= 1,0.01,5,11c,c,Dash-8,10,1524,2.4,+0.001525,nearest_visible_native_pixel_column; no interpolation,nearest native raster-column read within +/-0.01 s; no interpolation or extrapolation,128eeb1ea3ad30f5a2ecf9194e2b784be37e837982dec3bdcb7b9db48aa4e7e4
2.500635,436,436.333,431.333,441.333,resolved_positive_count_read,0.001 <= alpha_L <= 1,0.01,5,11c,c,Dash-8,10,1524,2.5,+0.000635,nearest_visible_native_pixel_column; no interpolation,nearest native raster-column read within +/-0.01 s; no interpolation or extrapolation,128eeb1ea3ad30f5a2ecf9194e2b784be37e837982dec3bdcb7b9db48aa4e7e4
2.599746,405,405.417,400.417,410.417,resolved_positive_count_read,0.001 <= alpha_L <= 1,0.01,5,11c,c,Dash-8,10,1524,2.6,-0.000254,nearest_visible_native_pixel_column; no interpolation,nearest native raster-column read within +/-0.01 s; no interpolation or extrapolation,128eeb1ea3ad30f5a2ecf9194e2b784be37e837982dec3bdcb7b9db48aa4e7e4
2.698856,404,404.250,399.250,409.250,resolved_positive_count_read,0.001 <= alpha_L <= 1,0.01,5,11c,c,Dash-8,10,1524,2.7,-0.001144,nearest_visible_native_pixel_column; no interpolation,nearest native raster-column read within +/-0.01 s; no interpolation or extrapolation,128eeb1ea3ad30f5a2ecf9194e2b784be37e837982dec3bdcb7b9db48aa4e7e4
2.797967,417,416.500,411.500,421.500,resolved_positive_count_read,0.001 <= alpha_L <= 1,0.01,5,11c,c,Dash-8,10,1524,2.8,-0.002033,nearest_visible_native_pixel_column; no interpolation,nearest native raster-column read within +/-0.01 s; no interpolation or extrapolation,128eeb1ea3ad30f5a2ecf9194e2b784be37e837982dec3bdcb7b9db48aa4e7e4
2.897078,431,431.083,426.083,436.083,resolved_positive_count_read,0.001 <= alpha_L <= 1,0.01,5,11c,c,Dash-8,10,1524,2.9,-0.002922,nearest_visible_native_pixel_column; no interpolation,nearest native raster-column read within +/-0.01 s; no interpolation or extrapolation,128eeb1ea3ad30f5a2ecf9194e2b784be37e837982dec3bdcb7b9db48aa4e7e4
2.996188,458,457.917,452.917,462.917,resolved_positive_count_read,0.001 <= alpha_L <= 1,0.01,5,11c,c,Dash-8,10,1524,3.0,-0.003812,nearest_visible_native_pixel_column; no interpolation,nearest native raster-column read within +/-0.01 s; no interpolation or extrapolation,128eeb1ea3ad30f5a2ecf9194e2b784be37e837982dec3bdcb7b9db48aa4e7e4
3.102922,482,481.833,476.833,486.833,resolved_positive_count_read,0.001 <= alpha_L <= 1,0.01,5,11c,c,Dash-8,10,1524,3.1,+0.002922,nearest_visible_native_pixel_column; no interpolation,nearest native raster-column read within +/-0.01 s; no interpolation or extrapolation,128eeb1ea3ad30f5a2ecf9194e2b784be37e837982dec3bdcb7b9db48aa4e7e4
3.202033,473,473.083,468.083,478.083,resolved_positive_count_read,0.001 <= alpha_L <= 1,0.01,5,11c,c,Dash-8,10,1524,3.2,+0.002033,nearest_visible_native_pixel_column; no interpolation,nearest native raster-column read within +/-0.01 s; no interpolation or extrapolation,128eeb1ea3ad30f5a2ecf9194e2b784be37e837982dec3bdcb7b9db48aa4e7e4
3.301144,502,501.667,496.667,506.667,resolved_positive_count_read,0.001 <= alpha_L <= 1,0.01,5,11c,c,Dash-8,10,1524,3.3,+0.001144,nearest_visible_native_pixel_column; no interpolation,nearest native raster-column read within +/-0.01 s; no interpolation or extrapolation,128eeb1ea3ad30f5a2ecf9194e2b784be37e837982dec3bdcb7b9db48aa4e7e4
3.400254,545,545.417,540.417,550.417,resolved_positive_count_read,0.001 <= alpha_L <= 1,0.01,5,11c,c,Dash-8,10,1524,3.4,+0.000254,nearest_visible_native_pixel_column; no interpolation,nearest native raster-column read within +/-0.01 s; no interpolation or extrapolation,128eeb1ea3ad30f5a2ecf9194e2b784be37e837982dec3bdcb7b9db48aa4e7e4
3.499365,580,580.417,575.417,585.417,resolved_positive_count_read,0.001 <= alpha_L <= 1,0.01,5,11c,c,Dash-8,10,1524,3.5,-0.000635,nearest_visible_native_pixel_column; no interpolation,nearest native raster-column read within +/-0.01 s; no interpolation or extrapolation,128eeb1ea3ad30f5a2ecf9194e2b784be37e837982dec3bdcb7b9db48aa4e7e4
3.598475,568,568.167,563.167,573.167,resolved_positive_count_read,0.001 <= alpha_L <= 1,0.01,5,11c,c,Dash-8,10,1524,3.6,-0.001525,nearest_visible_native_pixel_column; no interpolation,nearest native raster-column read within +/-0.01 s; no interpolation or extrapolation,128eeb1ea3ad30f5a2ecf9194e2b784be37e837982dec3bdcb7b9db48aa4e7e4
3.697586,568,567.583,562.583,572.583,resolved_positive_count_read,0.001 <= alpha_L <= 1,0.01,5,11c,c,Dash-8,10,1524,3.7,-0.002414,nearest_visible_native_pixel_column; no interpolation,nearest native raster-column read within +/-0.01 s; no interpolation or extrapolation,128eeb1ea3ad30f5a2ecf9194e2b784be37e837982dec3bdcb7b9db48aa4e7e4
3.796696,597,596.750,591.750,601.750,resolved_positive_count_read,0.001 <= alpha_L <= 1,0.01,5,11c,c,Dash-8,10,1524,3.8,-0.003304,nearest_visible_native_pixel_column; no interpolation,nearest native raster-column read within +/-0.01 s; no interpolation or extrapolation,128eeb1ea3ad30f5a2ecf9194e2b784be37e837982dec3bdcb7b9db48aa4e7e4
3.903431,614,614.250,609.250,619.250,resolved_positive_count_read,0.001 <= alpha_L <= 1,0.01,5,11c,c,Dash-8,10,1524,3.9,+0.003431,nearest_visible_native_pixel_column; no interpolation,nearest native raster-column read within +/-0.01 s; no interpolation or extrapolation,128eeb1ea3ad30f5a2ecf9194e2b784be37e837982dec3bdcb7b9db48aa4e7e4
4.002541,639,638.750,633.750,643.750,resolved_positive_count_read,0.001 <= alpha_L <= 1,0.01,5,11c,c,Dash-8,10,1524,4.0,+0.002541,nearest_visible_native_pixel_column; no interpolation,nearest native raster-column read within +/-0.01 s; no interpolation or extrapolation,128eeb1ea3ad30f5a2ecf9194e2b784be37e837982dec3bdcb7b9db48aa4e7e4
4.101652,657,657.417,652.417,662.417,resolved_positive_count_read,0.001 <= alpha_L <= 1,0.01,5,11c,c,Dash-8,10,1524,4.1,+0.001652,nearest_visible_native_pixel_column; no interpolation,nearest native raster-column read within +/-0.01 s; no interpolation or extrapolation,128eeb1ea3ad30f5a2ecf9194e2b784be37e837982dec3bdcb7b9db48aa4e7e4
4.200762,610,609.583,604.583,614.583,resolved_positive_count_read,0.001 <= alpha_L <= 1,0.01,5,11c,c,Dash-8,10,1524,4.2,+0.000762,nearest_visible_native_pixel_column; no interpolation,nearest native raster-column read within +/-0.01 s; no interpolation or extrapolation,128eeb1ea3ad30f5a2ecf9194e2b784be37e837982dec3bdcb7b9db48aa4e7e4
4.299873,611,610.750,605.750,615.750,resolved_positive_count_read,0.001 <= alpha_L <= 1,0.01,5,11c,c,Dash-8,10,1524,4.3,-0.000127,nearest_visible_native_pixel_column; no interpolation,nearest native raster-column read within +/-0.01 s; no interpolation or extrapolation,128eeb1ea3ad30f5a2ecf9194e2b784be37e837982dec3bdcb7b9db48aa4e7e4
4.398983,566,565.833,560.833,570.833,resolved_positive_count_read,0.001 <= alpha_L <= 1,0.01,5,11c,c,Dash-8,10,1524,4.4,-0.001017,nearest_visible_native_pixel_column; no interpolation,nearest native raster-column read within +/-0.01 s; no interpolation or extrapolation,128eeb1ea3ad30f5a2ecf9194e2b784be37e837982dec3bdcb7b9db48aa4e7e4
4.498094,514,513.917,508.917,518.917,resolved_positive_count_read,0.001 <= alpha_L <= 1,0.01,5,11c,c,Dash-8,10,1524,4.5,-0.001906,nearest_visible_native_pixel_column; no interpolation,nearest native raster-column read within +/-0.01 s; no interpolation or extrapolation,128eeb1ea3ad30f5a2ecf9194e2b784be37e837982dec3bdcb7b9db48aa4e7e4
4.597205,450,450.333,445.333,455.333,resolved_positive_count_read,0.001 <= alpha_L <= 1,0.01,5,11c,c,Dash-8,10,1524,4.6,-0.002795,nearest_visible_native_pixel_column; no interpolation,nearest native raster-column read within +/-0.01 s; no interpolation or extrapolation,128eeb1ea3ad30f5a2ecf9194e2b784be37e837982dec3bdcb7b9db48aa4e7e4
4.696315,399,399.000,394.000,404.000,resolved_positive_count_read,0.001 <= alpha_L <= 1,0.01,5,11c,c,Dash-8,10,1524,4.7,-0.003685,nearest_visible_native_pixel_column; no interpolation,nearest native raster-column read within +/-0.01 s; no interpolation or extrapolation,128eeb1ea3ad30f5a2ecf9194e2b784be37e837982dec3bdcb7b9db48aa4e7e4
4.803050,309,308.583,303.583,313.583,resolved_positive_count_read,0.001 <= alpha_L <= 1,0.01,5,11c,c,Dash-8,10,1524,4.8,+0.003050,nearest_visible_native_pixel_column; no interpolation,nearest native raster-column read within +/-0.01 s; no interpolation or extrapolation,128eeb1ea3ad30f5a2ecf9194e2b784be37e837982dec3bdcb7b9db48aa4e7e4
4.902160,191,190.750,185.750,195.750,resolved_positive_count_read,0.001 <= alpha_L <= 1,0.01,5,11c,c,Dash-8,10,1524,4.9,+0.002160,nearest_visible_native_pixel_column; no interpolation,nearest native raster-column read within +/-0.01 s; no interpolation or extrapolation,128eeb1ea3ad30f5a2ecf9194e2b784be37e837982dec3bdcb7b9db48aa4e7e4
5.001271,83,83.417,78.417,88.417,resolved_positive_count_read,0.001 <= alpha_L <= 1,0.01,5,11c,c,Dash-8,10,1524,5.0,+0.001271,nearest_visible_native_pixel_column; no interpolation,nearest native raster-column read within +/-0.01 s; no interpolation or extrapolation,128eeb1ea3ad30f5a2ecf9194e2b784be37e837982dec3bdcb7b9db48aa4e7e4
5.100381,23,23.333,18.333,28.333,resolved_positive_count_read,0.001 <= alpha_L <= 1,0.01,5,11c,c,Dash-8,10,1524,5.1,+0.000381,nearest_visible_native_pixel_column; no interpolation,nearest native raster-column read within +/-0.01 s; no interpolation or extrapolation,128eeb1ea3ad30f5a2ecf9194e2b784be37e837982dec3bdcb7b9db48aa4e7e4
5.199492,8,7.583,2.583,12.583,resolved_positive_count_read,0.001 <= alpha_L <= 1,0.01,5,11c,c,Dash-8,10,1524,5.2,-0.000508,nearest_visible_native_pixel_column; no interpolation,nearest native raster-column read within +/-0.01 s; no interpolation or extrapolation,128eeb1ea3ad30f5a2ecf9194e2b784be37e837982dec3bdcb7b9db48aa4e7e4
5.298602,,4.083,0.000,9.083,near_zero_unresolved_within_read_allowance,0.001 <= alpha_L <= 1,0.01,5,11c,c,Dash-8,10,1524,5.3,-0.001398,nearest_visible_native_pixel_column; no interpolation,nearest native raster-column read within +/-0.01 s; no interpolation or extrapolation,128eeb1ea3ad30f5a2ecf9194e2b784be37e837982dec3bdcb7b9db48aa4e7e4
,,,,,no_visible_trace_read,0.001 <= alpha_L <= 1,0.01,5,11c,c,Dash-8,10,1524,5.4,,not_digitized_no_visible_trace_within_time_read_bound,nearest native raster-column read within +/-0.01 s; no interpolation or extrapolation,128eeb1ea3ad30f5a2ecf9194e2b784be37e837982dec3bdcb7b9db48aa4e7e4
,,,,,no_visible_trace_read,0.001 <= alpha_L <= 1,0.01,5,11c,c,Dash-8,10,1524,5.5,,not_digitized_no_visible_trace_within_time_read_bound,nearest native raster-column read within +/-0.01 s; no interpolation or extrapolation,128eeb1ea3ad30f5a2ecf9194e2b784be37e837982dec3bdcb7b9db48aa4e7e4
,,,,,no_visible_trace_read,0.001 <= alpha_L <= 1,0.01,5,11c,c,Dash-8,10,1524,5.6,,not_digitized_no_visible_trace_within_time_read_bound,nearest native raster-column read within +/-0.01 s; no interpolation or extrapolation,128eeb1ea3ad30f5a2ecf9194e2b784be37e837982dec3bdcb7b9db48aa4e7e4
,,,,,no_visible_trace_read,0.001 <= alpha_L <= 1,0.01,5,11c,c,Dash-8,10,1524,5.7,,not_digitized_no_visible_trace_within_time_read_bound,nearest native raster-column read within +/-0.01 s; no interpolation or extrapolation,128eeb1ea3ad30f5a2ecf9194e2b784be37e837982dec3bdcb7b9db48aa4e7e4
,,,,,no_visible_trace_read,0.001 <= alpha_L <= 1,0.01,5,11c,c,Dash-8,10,1524,5.8,,not_digitized_no_visible_trace_within_time_read_bound,nearest native raster-column read within +/-0.01 s; no interpolation or extrapolation,128eeb1ea3ad30f5a2ecf9194e2b784be37e837982dec3bdcb7b9db48aa4e7e4
,,,,,no_visible_trace_read,0.001 <= alpha_L <= 1,0.01,5,11c,c,Dash-8,10,1524,5.9,,not_digitized_no_visible_trace_within_time_read_bound,nearest native raster-column read within +/-0.01 s; no interpolation or extrapolation,128eeb1ea3ad30f5a2ecf9194e2b784be37e837982dec3bdcb7b9db48aa4e7e4
,,,,,no_visible_trace_read,0.001 <= alpha_L <= 1,0.01,5,11c,c,Dash-8,10,1524,6.0,,not_digitized_no_visible_trace_within_time_read_bound,nearest native raster-column read within +/-0.01 s; no interpolation or extrapolation,128eeb1ea3ad30f5a2ecf9194e2b784be37e837982dec3bdcb7b9db48aa4e7e4
0.099111,,-0.583,0.000,4.417,near_zero_unresolved_within_read_allowance,0.9 <= alpha_L <= 1,0.01,5,11c,c,Dash-8,10,1524,0.1,-0.000889,nearest_visible_native_pixel_column; no interpolation,nearest native raster-column read within +/-0.01 s; no interpolation or extrapolation,128eeb1ea3ad30f5a2ecf9194e2b784be37e837982dec3bdcb7b9db48aa4e7e4
0.198221,,-1.167,0.000,3.833,near_zero_unresolved_within_read_allowance,0.9 <= alpha_L <= 1,0.01,5,11c,c,Dash-8,10,1524,0.2,-0.001779,nearest_visible_native_pixel_column; no interpolation,nearest native raster-column read within +/-0.01 s; no interpolation or extrapolation,128eeb1ea3ad30f5a2ecf9194e2b784be37e837982dec3bdcb7b9db48aa4e7e4
0.297332,,-1.167,0.000,3.833,near_zero_unresolved_within_read_allowance,0.9 <= alpha_L <= 1,0.01,5,11c,c,Dash-8,10,1524,0.3,-0.002668,nearest_visible_native_pixel_column; no interpolation,nearest native raster-column read within +/-0.01 s; no interpolation or extrapolation,128eeb1ea3ad30f5a2ecf9194e2b784be37e837982dec3bdcb7b9db48aa4e7e4
0.396442,,-0.583,0.000,4.417,near_zero_unresolved_within_read_allowance,0.9 <= alpha_L <= 1,0.01,5,11c,c,Dash-8,10,1524,0.4,-0.003558,nearest_visible_native_pixel_column; no interpolation,nearest native raster-column read within +/-0.01 s; no interpolation or extrapolation,128eeb1ea3ad30f5a2ecf9194e2b784be37e837982dec3bdcb7b9db48aa4e7e4
0.503177,,-0.583,0.000,4.417,near_zero_unresolved_within_read_allowance,0.9 <= alpha_L <= 1,0.01,5,11c,c,Dash-8,10,1524,0.5,+0.003177,nearest_visible_native_pixel_column; no interpolation,nearest native raster-column read within +/-0.01 s; no interpolation or extrapolation,128eeb1ea3ad30f5a2ecf9194e2b784be37e837982dec3bdcb7b9db48aa4e7e4
0.602287,,0.000,0.000,5.000,near_zero_unresolved_within_read_allowance,0.9 <= alpha_L <= 1,0.01,5,11c,c,Dash-8,10,1524,0.6,+0.002287,nearest_visible_native_pixel_column; no interpolation,nearest native raster-column read within +/-0.01 s; no interpolation or extrapolation,128eeb1ea3ad30f5a2ecf9194e2b784be37e837982dec3bdcb7b9db48aa4e7e4
0.701398,,0.000,0.000,5.000,near_zero_unresolved_within_read_allowance,0.9 <= alpha_L <= 1,0.01,5,11c,c,Dash-8,10,1524,0.7,+0.001398,nearest_visible_native_pixel_column; no interpolation,nearest native raster-column read within +/-0.01 s; no interpolation or extrapolation,128eeb1ea3ad30f5a2ecf9194e2b784be37e837982dec3bdcb7b9db48aa4e7e4
0.800508,,1.750,0.000,6.750,near_zero_unresolved_within_read_allowance,0.9 <= alpha_L <= 1,0.01,5,11c,c,Dash-8,10,1524,0.8,+0.000508,nearest_visible_native_pixel_column; no interpolation,nearest native raster-column read within +/-0.01 s; no interpolation or extrapolation,128eeb1ea3ad30f5a2ecf9194e2b784be37e837982dec3bdcb7b9db48aa4e7e4
0.899619,8,7.583,2.583,12.583,resolved_positive_count_read,0.9 <= alpha_L <= 1,0.01,5,11c,c,Dash-8,10,1524,0.9,-0.000381,nearest_visible_native_pixel_column; no interpolation,nearest native raster-column read within +/-0.01 s; no interpolation or extrapolation,128eeb1ea3ad30f5a2ecf9194e2b784be37e837982dec3bdcb7b9db48aa4e7e4
0.998729,14,14.000,9.000,19.000,resolved_positive_count_read,0.9 <= alpha_L <= 1,0.01,5,11c,c,Dash-8,10,1524,1.0,-0.001271,nearest_visible_native_pixel_column; no interpolation,nearest native raster-column read within +/-0.01 s; no interpolation or extrapolation,128eeb1ea3ad30f5a2ecf9194e2b784be37e837982dec3bdcb7b9db48aa4e7e4
1.097840,22,22.167,17.167,27.167,resolved_positive_count_read,0.9 <= alpha_L <= 1,0.01,5,11c,c,Dash-8,10,1524,1.1,-0.002160,nearest_visible_native_pixel_column; no interpolation,nearest native raster-column read within +/-0.01 s; no interpolation or extrapolation,128eeb1ea3ad30f5a2ecf9194e2b784be37e837982dec3bdcb7b9db48aa4e7e4
1.196950,28,28.000,23.000,33.000,resolved_positive_count_read,0.9 <= alpha_L <= 1,0.01,5,11c,c,Dash-8,10,1524,1.2,-0.003050,nearest_visible_native_pixel_column; no interpolation,nearest native raster-column read within +/-0.01 s; no interpolation or extrapolation,128eeb1ea3ad30f5a2ecf9194e2b784be37e837982dec3bdcb7b9db48aa4e7e4
1.303685,25,25.083,20.083,30.083,resolved_positive_count_read,0.9 <= alpha_L <= 1,0.01,5,11c,c,Dash-8,10,1524,1.3,+0.003685,nearest_visible_native_pixel_column; no interpolation,nearest native raster-column read within +/-0.01 s; no interpolation or extrapolation,128eeb1ea3ad30f5a2ecf9194e2b784be37e837982dec3bdcb7b9db48aa4e7e4
1.402795,20,20.417,15.417,25.417,resolved_positive_count_read,0.9 <= alpha_L <= 1,0.01,5,11c,c,Dash-8,10,1524,1.4,+0.002795,nearest_visible_native_pixel_column; no interpolation,nearest native raster-column read within +/-0.01 s; no interpolation or extrapolation,128eeb1ea3ad30f5a2ecf9194e2b784be37e837982dec3bdcb7b9db48aa4e7e4
1.501906,30,30.333,25.333,35.333,resolved_positive_count_read,0.9 <= alpha_L <= 1,0.01,5,11c,c,Dash-8,10,1524,1.5,+0.001906,nearest_visible_native_pixel_column; no interpolation,nearest native raster-column read within +/-0.01 s; no interpolation or extrapolation,128eeb1ea3ad30f5a2ecf9194e2b784be37e837982dec3bdcb7b9db48aa4e7e4
1.601017,19,19.250,14.250,24.250,resolved_positive_count_read,0.9 <= alpha_L <= 1,0.01,5,11c,c,Dash-8,10,1524,1.6,+0.001017,nearest_visible_native_pixel_column; no interpolation,nearest native raster-column read within +/-0.01 s; no interpolation or extrapolation,128eeb1ea3ad30f5a2ecf9194e2b784be37e837982dec3bdcb7b9db48aa4e7e4
1.700127,25,25.083,20.083,30.083,resolved_positive_count_read,0.9 <= alpha_L <= 1,0.01,5,11c,c,Dash-8,10,1524,1.7,+0.000127,nearest_visible_native_pixel_column; no interpolation,nearest native raster-column read within +/-0.01 s; no interpolation or extrapolation,128eeb1ea3ad30f5a2ecf9194e2b784be37e837982dec3bdcb7b9db48aa4e7e4
1.799238,32,31.500,26.500,36.500,resolved_positive_count_read,0.9 <= alpha_L <= 1,0.01,5,11c,c,Dash-8,10,1524,1.8,-0.000762,nearest_visible_native_pixel_column; no interpolation,nearest native raster-column read within +/-0.01 s; no interpolation or extrapolation,128eeb1ea3ad30f5a2ecf9194e2b784be37e837982dec3bdcb7b9db48aa4e7e4
1.898348,25,25.083,20.083,30.083,resolved_positive_count_read,0.9 <= alpha_L <= 1,0.01,5,11c,c,Dash-8,10,1524,1.9,-0.001652,nearest_visible_native_pixel_column; no interpolation,nearest native raster-column read within +/-0.01 s; no interpolation or extrapolation,128eeb1ea3ad30f5a2ecf9194e2b784be37e837982dec3bdcb7b9db48aa4e7e4
1.997459,18,17.500,12.500,22.500,resolved_positive_count_read,0.9 <= alpha_L <= 1,0.01,5,11c,c,Dash-8,10,1524,2.0,-0.002541,nearest_visible_native_pixel_column; no interpolation,nearest native raster-column read within +/-0.01 s; no interpolation or extrapolation,128eeb1ea3ad30f5a2ecf9194e2b784be37e837982dec3bdcb7b9db48aa4e7e4
2.096569,17,16.917,11.917,21.917,resolved_positive_count_read,0.9 <= alpha_L <= 1,0.01,5,11c,c,Dash-8,10,1524,2.1,-0.003431,nearest_visible_native_pixel_column; no interpolation,nearest native raster-column read within +/-0.01 s; no interpolation or extrapolation,128eeb1ea3ad30f5a2ecf9194e2b784be37e837982dec3bdcb7b9db48aa4e7e4
2.203304,23,22.750,17.750,27.750,resolved_positive_count_read,0.9 <= alpha_L <= 1,0.01,5,11c,c,Dash-8,10,1524,2.2,+0.003304,nearest_visible_native_pixel_column; no interpolation,nearest native raster-column read within +/-0.01 s; no interpolation or extrapolation,128eeb1ea3ad30f5a2ecf9194e2b784be37e837982dec3bdcb7b9db48aa4e7e4
2.302414,30,29.750,24.750,34.750,resolved_positive_count_read,0.9 <= alpha_L <= 1,0.01,5,11c,c,Dash-8,10,1524,2.3,+0.002414,nearest_visible_native_pixel_column; no interpolation,nearest native raster-column read within +/-0.01 s; no interpolation or extrapolation,128eeb1ea3ad30f5a2ecf9194e2b784be37e837982dec3bdcb7b9db48aa4e7e4
2.401525,25,24.500,19.500,29.500,resolved_positive_count_read,0.9 <= alpha_L <= 1,0.01,5,11c,c,Dash-8,10,1524,2.4,+0.001525,nearest_visible_native_pixel_column; no interpolation,nearest native raster-column read within +/-0.01 s; no interpolation or extrapolation,128eeb1ea3ad30f5a2ecf9194e2b784be37e837982dec3bdcb7b9db48aa4e7e4
2.500635,25,24.500,19.500,29.500,resolved_positive_count_read,0.9 <= alpha_L <= 1,0.01,5,11c,c,Dash-8,10,1524,2.5,+0.000635,nearest_visible_native_pixel_column; no interpolation,nearest native raster-column read within +/-0.01 s; no interpolation or extrapolation,128eeb1ea3ad30f5a2ecf9194e2b784be37e837982dec3bdcb7b9db48aa4e7e4
2.599746,22,22.167,17.167,27.167,resolved_positive_count_read,0.9 <= alpha_L <= 1,0.01,5,11c,c,Dash-8,10,1524,2.6,-0.000254,nearest_visible_native_pixel_column; no interpolation,nearest native raster-column read within +/-0.01 s; no interpolation or extrapolation,128eeb1ea3ad30f5a2ecf9194e2b784be37e837982dec3bdcb7b9db48aa4e7e4
2.698856,27,27.417,22.417,32.417,resolved_positive_count_read,0.9 <= alpha_L <= 1,0.01,5,11c,c,Dash-8,10,1524,2.7,-0.001144,nearest_visible_native_pixel_column; no interpolation,nearest native raster-column read within +/-0.01 s; no interpolation or extrapolation,128eeb1ea3ad30f5a2ecf9194e2b784be37e837982dec3bdcb7b9db48aa4e7e4
2.797967,26,25.667,20.667,30.667,resolved_positive_count_read,0.9 <= alpha_L <= 1,0.01,5,11c,c,Dash-8,10,1524,2.8,-0.002033,nearest_visible_native_pixel_column; no interpolation,nearest native raster-column read within +/-0.01 s; no interpolation or extrapolation,128eeb1ea3ad30f5a2ecf9194e2b784be37e837982dec3bdcb7b9db48aa4e7e4
2.897078,25,24.500,19.500,29.500,resolved_positive_count_read,0.9 <= alpha_L <= 1,0.01,5,11c,c,Dash-8,10,1524,2.9,-0.002922,nearest_visible_native_pixel_column; no interpolation,nearest native raster-column read within +/-0.01 s; no interpolation or extrapolation,128eeb1ea3ad30f5a2ecf9194e2b784be37e837982dec3bdcb7b9db48aa4e7e4
2.996188,27,27.417,22.417,32.417,resolved_positive_count_read,0.9 <= alpha_L <= 1,0.01,5,11c,c,Dash-8,10,1524,3.0,-0.003812,nearest_visible_native_pixel_column; no interpolation,nearest native raster-column read within +/-0.01 s; no interpolation or extrapolation,128eeb1ea3ad30f5a2ecf9194e2b784be37e837982dec3bdcb7b9db48aa4e7e4
3.102922,25,25.083,20.083,30.083,resolved_positive_count_read,0.9 <= alpha_L <= 1,0.01,5,11c,c,Dash-8,10,1524,3.1,+0.002922,nearest_visible_native_pixel_column; no interpolation,nearest native raster-column read within +/-0.01 s; no interpolation or extrapolation,128eeb1ea3ad30f5a2ecf9194e2b784be37e837982dec3bdcb7b9db48aa4e7e4
3.202033,28,28.000,23.000,33.000,resolved_positive_count_read,0.9 <= alpha_L <= 1,0.01,5,11c,c,Dash-8,10,1524,3.2,+0.002033,nearest_visible_native_pixel_column; no interpolation,nearest native raster-column read within +/-0.01 s; no interpolation or extrapolation,128eeb1ea3ad30f5a2ecf9194e2b784be37e837982dec3bdcb7b9db48aa4e7e4
3.301144,25,24.500,19.500,29.500,resolved_positive_count_read,0.9 <= alpha_L <= 1,0.01,5,11c,c,Dash-8,10,1524,3.3,+0.001144,nearest_visible_native_pixel_column; no interpolation,nearest native raster-column read within +/-0.01 s; no interpolation or extrapolation,128eeb1ea3ad30f5a2ecf9194e2b784be37e837982dec3bdcb7b9db48aa4e7e4
3.400254,26,25.667,20.667,30.667,resolved_positive_count_read,0.9 <= alpha_L <= 1,0.01,5,11c,c,Dash-8,10,1524,3.4,+0.000254,nearest_visible_native_pixel_column; no interpolation,nearest native raster-column read within +/-0.01 s; no interpolation or extrapolation,128eeb1ea3ad30f5a2ecf9194e2b784be37e837982dec3bdcb7b9db48aa4e7e4
3.499365,29,29.167,24.167,34.167,resolved_positive_count_read,0.9 <= alpha_L <= 1,0.01,5,11c,c,Dash-8,10,1524,3.5,-0.000635,nearest_visible_native_pixel_column; no interpolation,nearest native raster-column read within +/-0.01 s; no interpolation or extrapolation,128eeb1ea3ad30f5a2ecf9194e2b784be37e837982dec3bdcb7b9db48aa4e7e4
3.598475,30,29.750,24.750,34.750,resolved_positive_count_read,0.9 <= alpha_L <= 1,0.01,5,11c,c,Dash-8,10,1524,3.6,-0.001525,nearest_visible_native_pixel_column; no interpolation,nearest native raster-column read within +/-0.01 s; no interpolation or extrapolation,128eeb1ea3ad30f5a2ecf9194e2b784be37e837982dec3bdcb7b9db48aa4e7e4
3.697586,61,60.667,55.667,65.667,resolved_positive_count_read,0.9 <= alpha_L <= 1,0.01,5,11c,c,Dash-8,10,1524,3.7,-0.002414,nearest_visible_native_pixel_column; no interpolation,nearest native raster-column read within +/-0.01 s; no interpolation or extrapolation,128eeb1ea3ad30f5a2ecf9194e2b784be37e837982dec3bdcb7b9db48aa4e7e4
3.796696,55,54.833,49.833,59.833,resolved_positive_count_read,0.9 <= alpha_L <= 1,0.01,5,11c,c,Dash-8,10,1524,3.8,-0.003304,nearest_visible_native_pixel_column; no interpolation,nearest native raster-column read within +/-0.01 s; no interpolation or extrapolation,128eeb1ea3ad30f5a2ecf9194e2b784be37e837982dec3bdcb7b9db48aa4e7e4
3.903431,43,42.583,37.583,47.583,resolved_positive_count_read,0.9 <= alpha_L <= 1,0.01,5,11c,c,Dash-8,10,1524,3.9,+0.003431,nearest_visible_native_pixel_column; no interpolation,nearest native raster-column read within +/-0.01 s; no interpolation or extrapolation,128eeb1ea3ad30f5a2ecf9194e2b784be37e837982dec3bdcb7b9db48aa4e7e4
4.002541,41,40.833,35.833,45.833,resolved_positive_count_read,0.9 <= alpha_L <= 1,0.01,5,11c,c,Dash-8,10,1524,4.0,+0.002541,nearest_visible_native_pixel_column; no interpolation,nearest native raster-column read within +/-0.01 s; no interpolation or extrapolation,128eeb1ea3ad30f5a2ecf9194e2b784be37e837982dec3bdcb7b9db48aa4e7e4
4.101652,27,27.417,22.417,32.417,resolved_positive_count_read,0.9 <= alpha_L <= 1,0.01,5,11c,c,Dash-8,10,1524,4.1,+0.001652,nearest_visible_native_pixel_column; no interpolation,nearest native raster-column read within +/-0.01 s; no interpolation or extrapolation,128eeb1ea3ad30f5a2ecf9194e2b784be37e837982dec3bdcb7b9db48aa4e7e4
4.200762,13,12.833,7.833,17.833,resolved_positive_count_read,0.9 <= alpha_L <= 1,0.01,5,11c,c,Dash-8,10,1524,4.2,+0.000762,nearest_visible_native_pixel_column; no interpolation,nearest native raster-column read within +/-0.01 s; no interpolation or extrapolation,128eeb1ea3ad30f5a2ecf9194e2b784be37e837982dec3bdcb7b9db48aa4e7e4
4.299873,9,8.750,3.750,13.750,resolved_positive_count_read,0.9 <= alpha_L <= 1,0.01,5,11c,c,Dash-8,10,1524,4.3,-0.000127,nearest_visible_native_pixel_column; no interpolation,nearest native raster-column read within +/-0.01 s; no interpolation or extrapolation,128eeb1ea3ad30f5a2ecf9194e2b784be37e837982dec3bdcb7b9db48aa4e7e4
4.398983,,4.083,0.000,9.083,near_zero_unresolved_within_read_allowance,0.9 <= alpha_L <= 1,0.01,5,11c,c,Dash-8,10,1524,4.4,-0.001017,nearest_visible_native_pixel_column; no interpolation,nearest native raster-column read within +/-0.01 s; no interpolation or extrapolation,128eeb1ea3ad30f5a2ecf9194e2b784be37e837982dec3bdcb7b9db48aa4e7e4
4.498094,,0.583,0.000,5.583,near_zero_unresolved_within_read_allowance,0.9 <= alpha_L <= 1,0.01,5,11c,c,Dash-8,10,1524,4.5,-0.001906,nearest_visible_native_pixel_column; no interpolation,nearest native raster-column read within +/-0.01 s; no interpolation or extrapolation,128eeb1ea3ad30f5a2ecf9194e2b784be37e837982dec3bdcb7b9db48aa4e7e4
4.597205,,-1.750,0.000,3.250,near_zero_unresolved_within_read_allowance,0.9 <= alpha_L <= 1,0.01,5,11c,c,Dash-8,10,1524,4.6,-0.002795,nearest_visible_native_pixel_column; no interpolation,nearest native raster-column read within +/-0.01 s; no interpolation or extrapolation,128eeb1ea3ad30f5a2ecf9194e2b784be37e837982dec3bdcb7b9db48aa4e7e4
4.696315,,-1.750,0.000,3.250,near_zero_unresolved_within_read_allowance,0.9 <= alpha_L <= 1,0.01,5,11c,c,Dash-8,10,1524,4.7,-0.003685,nearest_visible_native_pixel_column; no interpolation,nearest native raster-column read within +/-0.01 s; no interpolation or extrapolation,128eeb1ea3ad30f5a2ecf9194e2b784be37e837982dec3bdcb7b9db48aa4e7e4
4.803050,,-1.750,0.000,3.250,near_zero_unresolved_within_read_allowance,0.9 <= alpha_L <= 1,0.01,5,11c,c,Dash-8,10,1524,4.8,+0.003050,nearest_visible_native_pixel_column; no interpolation,nearest native raster-column read within +/-0.01 s; no interpolation or extrapolation,128eeb1ea3ad30f5a2ecf9194e2b784be37e837982dec3bdcb7b9db48aa4e7e4
4.902160,,-1.750,0.000,3.250,near_zero_unresolved_within_read_allowance,0.9 <= alpha_L <= 1,0.01,5,11c,c,Dash-8,10,1524,4.9,+0.002160,nearest_visible_native_pixel_column; no interpolation,nearest native raster-column read within +/-0.01 s; no interpolation or extrapolation,128eeb1ea3ad30f5a2ecf9194e2b784be37e837982dec3bdcb7b9db48aa4e7e4
5.001271,,-1.750,0.000,3.250,near_zero_unresolved_within_read_allowance,0.9 <= alpha_L <= 1,0.01,5,11c,c,Dash-8,10,1524,5.0,+0.001271,nearest_visible_native_pixel_column; no interpolation,nearest native raster-column read within +/-0.01 s; no interpolation or extrapolation,128eeb1ea3ad30f5a2ecf9194e2b784be37e837982dec3bdcb7b9db48aa4e7e4
5.100381,,-1.750,0.000,3.250,near_zero_unresolved_within_read_allowance,0.9 <= alpha_L <= 1,0.01,5,11c,c,Dash-8,10,1524,5.1,+0.000381,nearest_visible_native_pixel_column; no interpolation,nearest native raster-column read within +/-0.01 s; no interpolation or extrapolation,128eeb1ea3ad30f5a2ecf9194e2b784be37e837982dec3bdcb7b9db48aa4e7e4
5.199492,,-2.333,0.000,2.667,near_zero_unresolved_within_read_allowance,0.9 <= alpha_L <= 1,0.01,5,11c,c,Dash-8,10,1524,5.2,-0.000508,nearest_visible_native_pixel_column; no interpolation,nearest native raster-column read within +/-0.01 s; no interpolation or extrapolation,128eeb1ea3ad30f5a2ecf9194e2b784be37e837982dec3bdcb7b9db48aa4e7e4
5.298602,,-2.333,0.000,2.667,near_zero_unresolved_within_read_allowance,0.9 <= alpha_L <= 1,0.01,5,11c,c,Dash-8,10,1524,5.3,-0.001398,nearest_visible_native_pixel_column; no interpolation,nearest native raster-column read within +/-0.01 s; no interpolation or extrapolation,128eeb1ea3ad30f5a2ecf9194e2b784be37e837982dec3bdcb7b9db48aa4e7e4
5.397713,,-2.333,0.000,2.667,near_zero_unresolved_within_read_allowance,0.9 <= alpha_L <= 1,0.01,5,11c,c,Dash-8,10,1524,5.4,-0.002287,nearest_visible_native_pixel_column; no interpolation,nearest native raster-column read within +/-0.01 s; no interpolation or extrapolation,128eeb1ea3ad30f5a2ecf9194e2b784be37e837982dec3bdcb7b9db48aa4e7e4
5.496823,,-1.750,0.000,3.250,near_zero_unresolved_within_read_allowance,0.9 <= alpha_L <= 1,0.01,5,11c,c,Dash-8,10,1524,5.5,-0.003177,nearest_visible_native_pixel_column; no interpolation,nearest native raster-column read within +/-0.01 s; no interpolation or extrapolation,128eeb1ea3ad30f5a2ecf9194e2b784be37e837982dec3bdcb7b9db48aa4e7e4
5.603558,,-1.750,0.000,3.250,near_zero_unresolved_within_read_allowance,0.9 <= alpha_L <= 1,0.01,5,11c,c,Dash-8,10,1524,5.6,+0.003558,nearest_visible_native_pixel_column; no interpolation,nearest native raster-column read within +/-0.01 s; no interpolation or extrapolation,128eeb1ea3ad30f5a2ecf9194e2b784be37e837982dec3bdcb7b9db48aa4e7e4
5.702668,,-1.750,0.000,3.250,near_zero_unresolved_within_read_allowance,0.9 <= alpha_L <= 1,0.01,5,11c,c,Dash-8,10,1524,5.7,+0.002668,nearest_visible_native_pixel_column; no interpolation,nearest native raster-column read within +/-0.01 s; no interpolation or extrapolation,128eeb1ea3ad30f5a2ecf9194e2b784be37e837982dec3bdcb7b9db48aa4e7e4
5.801779,,-1.750,0.000,3.250,near_zero_unresolved_within_read_allowance,0.9 <= alpha_L <= 1,0.01,5,11c,c,Dash-8,10,1524,5.8,+0.001779,nearest_visible_native_pixel_column; no interpolation,nearest native raster-column read within +/-0.01 s; no interpolation or extrapolation,128eeb1ea3ad30f5a2ecf9194e2b784be37e837982dec3bdcb7b9db48aa4e7e4
5.900889,,-1.750,0.000,3.250,near_zero_unresolved_within_read_allowance,0.9 <= alpha_L <= 1,0.01,5,11c,c,Dash-8,10,1524,5.9,+0.000889,nearest_visible_native_pixel_column; no interpolation,nearest native raster-column read within +/-0.01 s; no interpolation or extrapolation,128eeb1ea3ad30f5a2ecf9194e2b784be37e837982dec3bdcb7b9db48aa4e7e4
6.000000,,-1.167,0.000,3.833,near_zero_unresolved_within_read_allowance,0.9 <= alpha_L <= 1,0.01,5,11c,c,Dash-8,10,1524,6.0,+0.000000,nearest_visible_native_pixel_column; no interpolation,nearest native raster-column read within +/-0.01 s; no interpolation or extrapolation,128eeb1ea3ad30f5a2ecf9194e2b784be37e837982dec3bdcb7b9db48aa4e7e4
