series,time_s,max_exit_velocity_digitized_m_s,read_bound_velocity_m_s,read_bound_time_s,plot_x_px,plot_y_px
cl415_top_exit_red,0.05,0.784,0.05,0.01,36.015,1049.743
cl415_top_exit_red,0.10,1.627,0.05,0.01,50.530,888.525
cl415_top_exit_red,0.15,2.387,0.05,0.01,65.045,743.392
cl415_top_exit_red,0.20,3.146,0.05,0.01,79.560,598.400
cl415_top_exit_red,0.25,3.862,0.05,0.01,94.075,461.625
cl415_top_exit_red,0.30,4.460,0.05,0.01,108.590,347.200
cl415_top_exit_red,0.35,4.942,0.05,0.01,123.105,255.133
cl415_top_exit_red,0.40,5.255,0.05,0.01,137.620,195.450
cl415_top_exit_red,0.45,5.450,0.05,0.01,152.135,158.162
cl415_top_exit_red,0.50,5.528,0.05,0.01,166.650,143.175
cl415_top_exit_red,0.55,5.491,0.05,0.01,181.165,150.248
cl415_top_exit_red,0.60,5.356,0.05,0.01,195.680,176.040
cl415_top_exit_red,0.65,5.136,0.05,0.01,210.195,218.182
cl415_top_exit_red,0.70,4.841,0.05,0.01,224.710,274.550
cl415_top_exit_red,0.75,4.500,0.05,0.01,239.225,339.562
cl415_top_exit_red,0.80,4.065,0.05,0.01,253.740,422.700
cl415_top_exit_red,0.85,3.648,0.05,0.01,268.255,502.402
cl415_top_exit_red,0.90,3.290,0.05,0.01,282.770,570.810
cl415_top_exit_red,0.95,2.842,0.05,0.01,297.285,656.492
cl415_top_exit_red,1.00,2.215,0.05,0.01,311.800,776.300
cl415_top_exit_red,1.05,1.560,0.05,0.01,326.315,901.362
cl415_top_exit_red,1.10,1.159,0.05,0.01,340.830,978.075
cl415_top_exit_red,1.15,1.022,0.05,0.01,355.345,1004.190
cl415_top_exit_red,1.20,0.932,0.05,0.01,369.860,1021.360
cl415_top_exit_red,1.25,0.828,0.05,0.01,384.375,1041.188
cl415_top_exit_red,1.30,0.522,0.05,0.01,398.890,1099.785
cl415_top_exit_red,1.35,0.224,0.05,0.01,413.405,1156.608
cl415_top_exit_red,1.40,0.131,0.05,0.01,427.920,1174.500
cl415_top_exit_red,1.45,0.065,0.05,0.01,442.435,1187.152
cl415_top_exit_red,1.50,0.024,0.05,0.01,456.950,1194.975
cl415_top_exit_red,1.55,0.039,0.05,0.01,471.465,1192.000
cl415_top_exit_red,1.60,0.034,0.05,0.01,485.980,1193.000
cl415_top_exit_red,1.65,0.027,0.05,0.01,500.495,1194.247
cl415_top_exit_red,1.70,0.039,0.05,0.01,515.010,1191.995
cl415_top_exit_red,1.75,0.039,0.05,0.01,529.525,1192.000
cl415_top_exit_red,1.80,0.152,0.05,0.01,544.040,1170.460
cl415_bottom_exit_green,0.05,1.079,0.05,0.01,36.015,993.252
cl415_bottom_exit_green,0.10,1.853,0.05,0.01,50.530,845.440
cl415_bottom_exit_green,0.15,2.595,0.05,0.01,65.045,703.572
cl415_bottom_exit_green,0.20,3.355,0.05,0.01,79.560,558.500
cl415_bottom_exit_green,0.25,4.053,0.05,0.01,94.075,425.062
cl415_bottom_exit_green,0.30,4.737,0.05,0.01,108.590,294.305
cl415_bottom_exit_green,0.35,5.225,0.05,0.01,123.105,201.185
cl415_bottom_exit_green,0.40,5.573,0.05,0.01,137.620,134.520
cl415_bottom_exit_green,0.45,5.821,0.05,0.01,152.135,87.230
cl415_bottom_exit_green,0.50,5.944,0.05,0.01,166.650,63.675
cl415_bottom_exit_green,0.55,5.955,0.05,0.01,181.165,61.665
cl415_bottom_exit_green,0.60,5.866,0.05,0.01,195.680,78.680
cl415_bottom_exit_green,0.65,5.696,0.05,0.01,210.195,111.182
cl415_bottom_exit_green,0.70,5.452,0.05,0.01,224.710,157.695
cl415_bottom_exit_green,0.75,5.158,0.05,0.01,239.225,213.900
cl415_bottom_exit_green,0.80,4.810,0.05,0.01,253.740,280.460
cl415_bottom_exit_green,0.85,4.429,0.05,0.01,268.255,353.147
cl415_bottom_exit_green,0.90,3.988,0.05,0.01,282.770,437.465
cl415_bottom_exit_green,0.95,3.596,0.05,0.01,297.285,512.282
cl415_bottom_exit_green,1.00,3.241,0.05,0.01,311.800,580.200
cl415_bottom_exit_green,1.05,2.980,0.05,0.01,326.315,630.102
cl415_bottom_exit_green,1.10,2.614,0.05,0.01,340.830,700.065
cl415_bottom_exit_green,1.15,2.236,0.05,0.01,355.345,772.190
cl415_bottom_exit_green,1.20,1.888,0.05,0.01,369.860,838.800
cl415_bottom_exit_green,1.25,1.684,0.05,0.01,384.375,877.625
cl415_bottom_exit_green,1.30,1.464,0.05,0.01,398.890,919.780
cl415_bottom_exit_green,1.35,1.200,0.05,0.01,413.405,970.108
cl415_bottom_exit_green,1.40,1.217,0.05,0.01,427.920,967.040
cl415_bottom_exit_green,1.45,1.075,0.05,0.01,442.435,994.152
cl415_bottom_exit_green,1.50,0.867,0.05,0.01,456.950,1033.800
cl415_bottom_exit_green,1.55,0.491,0.05,0.01,471.465,1105.697
cl415_bottom_exit_green,1.60,0.165,0.05,0.01,485.980,1167.990
cl415_bottom_exit_green,1.65,0.120,0.05,0.01,500.495,1176.505
cl415_bottom_exit_green,1.70,0.173,0.05,0.01,515.010,1166.525
cl415_bottom_exit_green,1.75,0.114,0.05,0.01,529.525,1177.787
cl415_bottom_exit_green,1.80,0.055,0.05,0.01,544.040,1188.960
cl415_bottom_exit_green,1.85,0.123,0.05,0.01,558.555,1175.945
cl415_bottom_exit_green,1.90,0.204,0.05,0.01,573.070,1160.570
cl415_bottom_exit_green,1.95,0.111,0.05,0.01,587.585,1178.293
