series,time_s,count_digitized,read_bound_count,read_bound_time_s,page_x_px,page_y_px,source_pdf_sha256,render_dpi,read_method
cloud_alpha_0p001_to_1,0.1,38,5,0.025,422.964,1842.768,128eeb1ea3ad30f5a2ecf9194e2b784be37e837982dec3bdcb7b9db48aa4e7e4,300,local_theil_sen_center
cloud_alpha_0p001_to_1,0.2,49,5,0.025,449.903,1826.704,128eeb1ea3ad30f5a2ecf9194e2b784be37e837982dec3bdcb7b9db48aa4e7e4,300,local_theil_sen_center
cloud_alpha_0p001_to_1,0.3,9,5,0.025,476.843,1887.457,128eeb1ea3ad30f5a2ecf9194e2b784be37e837982dec3bdcb7b9db48aa4e7e4,300,local_theil_sen_center
cloud_alpha_0p001_to_1,0.4,19,5,0.025,503.782,1872.000,128eeb1ea3ad30f5a2ecf9194e2b784be37e837982dec3bdcb7b9db48aa4e7e4,300,local_theil_sen_center
cloud_alpha_0p001_to_1,0.5,19,5,0.025,530.721,1872.205,128eeb1ea3ad30f5a2ecf9194e2b784be37e837982dec3bdcb7b9db48aa4e7e4,300,local_theil_sen_center
cloud_alpha_0p001_to_1,0.6,47,5,0.025,557.660,1829.733,128eeb1ea3ad30f5a2ecf9194e2b784be37e837982dec3bdcb7b9db48aa4e7e4,300,local_theil_sen_center
cloud_alpha_0p001_to_1,0.7,126,5,0.025,584.599,1710.604,128eeb1ea3ad30f5a2ecf9194e2b784be37e837982dec3bdcb7b9db48aa4e7e4,300,local_theil_sen_center
cloud_alpha_0p001_to_1,0.8,186,5,0.025,611.538,1619.607,128eeb1ea3ad30f5a2ecf9194e2b784be37e837982dec3bdcb7b9db48aa4e7e4,300,local_theil_sen_center
cloud_alpha_0p001_to_1,0.9,262,5,0.025,638.477,1505.114,128eeb1ea3ad30f5a2ecf9194e2b784be37e837982dec3bdcb7b9db48aa4e7e4,300,local_theil_sen_center
cloud_alpha_0p001_to_1,1.0,356,5,0.025,665.416,1363.563,128eeb1ea3ad30f5a2ecf9194e2b784be37e837982dec3bdcb7b9db48aa4e7e4,300,local_theil_sen_center
cloud_alpha_0p001_to_1,1.1,420,5,0.025,692.355,1266.163,128eeb1ea3ad30f5a2ecf9194e2b784be37e837982dec3bdcb7b9db48aa4e7e4,300,local_theil_sen_center
cloud_alpha_0p001_to_1,1.2,405,5,0.025,719.294,1289.394,128eeb1ea3ad30f5a2ecf9194e2b784be37e837982dec3bdcb7b9db48aa4e7e4,300,local_theil_sen_center
cloud_alpha_0p001_to_1,1.3,382,5,0.025,746.233,1323.233,128eeb1ea3ad30f5a2ecf9194e2b784be37e837982dec3bdcb7b9db48aa4e7e4,300,local_theil_sen_center
cloud_alpha_0p001_to_1,1.4,362,5,0.025,773.173,1354.216,128eeb1ea3ad30f5a2ecf9194e2b784be37e837982dec3bdcb7b9db48aa4e7e4,300,local_theil_sen_center
cloud_alpha_0p001_to_1,1.5,341,5,0.025,800.112,1386.194,128eeb1ea3ad30f5a2ecf9194e2b784be37e837982dec3bdcb7b9db48aa4e7e4,300,local_theil_sen_center
cloud_alpha_0p001_to_1,1.6,361,5,0.025,827.051,1355.844,128eeb1ea3ad30f5a2ecf9194e2b784be37e837982dec3bdcb7b9db48aa4e7e4,300,local_theil_sen_center
cloud_alpha_0p001_to_1,1.7,330,5,0.025,853.990,1402.990,128eeb1ea3ad30f5a2ecf9194e2b784be37e837982dec3bdcb7b9db48aa4e7e4,300,local_theil_sen_center
cloud_alpha_0p001_to_1,1.8,326,5,0.025,880.929,1408.964,128eeb1ea3ad30f5a2ecf9194e2b784be37e837982dec3bdcb7b9db48aa4e7e4,300,local_theil_sen_center
cloud_alpha_0p001_to_1,1.9,309,5,0.025,907.868,1434.547,128eeb1ea3ad30f5a2ecf9194e2b784be37e837982dec3bdcb7b9db48aa4e7e4,300,local_theil_sen_center
cloud_alpha_0p001_to_1,2.0,250,5,0.025,934.807,1522.614,128eeb1ea3ad30f5a2ecf9194e2b784be37e837982dec3bdcb7b9db48aa4e7e4,300,local_theil_sen_center
cloud_alpha_0p001_to_1,2.1,247,5,0.025,961.746,1527.580,128eeb1ea3ad30f5a2ecf9194e2b784be37e837982dec3bdcb7b9db48aa4e7e4,300,local_theil_sen_center
cloud_alpha_0p001_to_1,2.2,218,5,0.025,988.685,1571.765,128eeb1ea3ad30f5a2ecf9194e2b784be37e837982dec3bdcb7b9db48aa4e7e4,300,local_theil_sen_center
cloud_alpha_0p001_to_1,2.3,181,5,0.025,1015.624,1626.685,128eeb1ea3ad30f5a2ecf9194e2b784be37e837982dec3bdcb7b9db48aa4e7e4,300,local_theil_sen_center
cloud_alpha_0p001_to_1,2.4,96,5,0.025,1042.563,1755.972,128eeb1ea3ad30f5a2ecf9194e2b784be37e837982dec3bdcb7b9db48aa4e7e4,300,local_theil_sen_center
cloud_alpha_0p001_to_1,2.5,62,5,0.025,1069.502,1807.005,128eeb1ea3ad30f5a2ecf9194e2b784be37e837982dec3bdcb7b9db48aa4e7e4,300,local_theil_sen_center
cloud_alpha_0p001_to_1,2.6,24,5,0.025,1096.442,1864.809,128eeb1ea3ad30f5a2ecf9194e2b784be37e837982dec3bdcb7b9db48aa4e7e4,300,local_theil_sen_center
cloud_alpha_0p001_to_1,2.7,18,5,0.025,1123.381,1873.476,128eeb1ea3ad30f5a2ecf9194e2b784be37e837982dec3bdcb7b9db48aa4e7e4,300,local_theil_sen_center
cloud_alpha_0p001_to_1,2.8,23,5,0.025,1150.320,1865.682,128eeb1ea3ad30f5a2ecf9194e2b784be37e837982dec3bdcb7b9db48aa4e7e4,300,local_theil_sen_center
cloud_alpha_0p001_to_1,2.9,28,5,0.025,1177.259,1857.881,128eeb1ea3ad30f5a2ecf9194e2b784be37e837982dec3bdcb7b9db48aa4e7e4,300,local_theil_sen_center
cloud_alpha_0p001_to_1,3.0,33,5,0.025,1204.198,1851.000,128eeb1ea3ad30f5a2ecf9194e2b784be37e837982dec3bdcb7b9db48aa4e7e4,300,local_theil_sen_center
core_alpha_0p9_to_1,0.1,4,5,0.025,422.964,1894.000,128eeb1ea3ad30f5a2ecf9194e2b784be37e837982dec3bdcb7b9db48aa4e7e4,300,local_theil_sen_center
core_alpha_0p9_to_1,0.2,4,5,0.025,449.903,1894.500,128eeb1ea3ad30f5a2ecf9194e2b784be37e837982dec3bdcb7b9db48aa4e7e4,300,local_theil_sen_center
core_alpha_0p9_to_1,0.3,4,5,0.025,476.843,1895.000,128eeb1ea3ad30f5a2ecf9194e2b784be37e837982dec3bdcb7b9db48aa4e7e4,300,local_theil_sen_center
core_alpha_0p9_to_1,0.4,4,5,0.025,503.782,1894.000,128eeb1ea3ad30f5a2ecf9194e2b784be37e837982dec3bdcb7b9db48aa4e7e4,300,local_theil_sen_center
core_alpha_0p9_to_1,0.5,5,5,0.025,530.721,1893.232,128eeb1ea3ad30f5a2ecf9194e2b784be37e837982dec3bdcb7b9db48aa4e7e4,300,local_theil_sen_center
core_alpha_0p9_to_1,0.6,7,5,0.025,557.660,1889.835,128eeb1ea3ad30f5a2ecf9194e2b784be37e837982dec3bdcb7b9db48aa4e7e4,300,local_theil_sen_center
core_alpha_0p9_to_1,0.7,13,5,0.025,584.599,1881.362,128eeb1ea3ad30f5a2ecf9194e2b784be37e837982dec3bdcb7b9db48aa4e7e4,300,local_theil_sen_center
core_alpha_0p9_to_1,0.8,17,5,0.025,611.538,1875.731,128eeb1ea3ad30f5a2ecf9194e2b784be37e837982dec3bdcb7b9db48aa4e7e4,300,local_theil_sen_center
core_alpha_0p9_to_1,0.9,27,5,0.025,638.477,1860.000,128eeb1ea3ad30f5a2ecf9194e2b784be37e837982dec3bdcb7b9db48aa4e7e4,300,local_theil_sen_center
core_alpha_0p9_to_1,1.0,24,5,0.025,665.416,1864.000,128eeb1ea3ad30f5a2ecf9194e2b784be37e837982dec3bdcb7b9db48aa4e7e4,300,local_theil_sen_center
core_alpha_0p9_to_1,1.1,25,5,0.025,692.355,1863.112,128eeb1ea3ad30f5a2ecf9194e2b784be37e837982dec3bdcb7b9db48aa4e7e4,300,local_theil_sen_center
core_alpha_0p9_to_1,1.2,31,5,0.025,719.294,1853.206,128eeb1ea3ad30f5a2ecf9194e2b784be37e837982dec3bdcb7b9db48aa4e7e4,300,local_theil_sen_center
core_alpha_0p9_to_1,1.3,54,5,0.025,746.233,1819.669,128eeb1ea3ad30f5a2ecf9194e2b784be37e837982dec3bdcb7b9db48aa4e7e4,300,local_theil_sen_center
core_alpha_0p9_to_1,1.4,49,5,0.025,773.173,1827.180,128eeb1ea3ad30f5a2ecf9194e2b784be37e837982dec3bdcb7b9db48aa4e7e4,300,local_theil_sen_center
core_alpha_0p9_to_1,1.5,33,5,0.025,800.112,1850.562,128eeb1ea3ad30f5a2ecf9194e2b784be37e837982dec3bdcb7b9db48aa4e7e4,300,local_theil_sen_center
core_alpha_0p9_to_1,1.6,37,5,0.025,827.051,1844.220,128eeb1ea3ad30f5a2ecf9194e2b784be37e837982dec3bdcb7b9db48aa4e7e4,300,local_theil_sen_center
core_alpha_0p9_to_1,1.7,50,5,0.025,853.990,1824.878,128eeb1ea3ad30f5a2ecf9194e2b784be37e837982dec3bdcb7b9db48aa4e7e4,300,local_theil_sen_center
core_alpha_0p9_to_1,1.8,49,5,0.025,880.929,1826.643,128eeb1ea3ad30f5a2ecf9194e2b784be37e837982dec3bdcb7b9db48aa4e7e4,300,local_theil_sen_center
core_alpha_0p9_to_1,1.9,36,5,0.025,907.868,1846.434,128eeb1ea3ad30f5a2ecf9194e2b784be37e837982dec3bdcb7b9db48aa4e7e4,300,local_theil_sen_center
core_alpha_0p9_to_1,2.0,37,5,0.025,934.807,1844.468,128eeb1ea3ad30f5a2ecf9194e2b784be37e837982dec3bdcb7b9db48aa4e7e4,300,local_theil_sen_center
core_alpha_0p9_to_1,2.1,32,5,0.025,961.746,1852.678,128eeb1ea3ad30f5a2ecf9194e2b784be37e837982dec3bdcb7b9db48aa4e7e4,300,local_theil_sen_center
core_alpha_0p9_to_1,2.2,30,5,0.025,988.685,1854.978,128eeb1ea3ad30f5a2ecf9194e2b784be37e837982dec3bdcb7b9db48aa4e7e4,300,local_theil_sen_center
core_alpha_0p9_to_1,2.3,22,5,0.025,1015.624,1867.531,128eeb1ea3ad30f5a2ecf9194e2b784be37e837982dec3bdcb7b9db48aa4e7e4,300,local_theil_sen_center
core_alpha_0p9_to_1,2.4,22,5,0.025,1042.563,1868.000,128eeb1ea3ad30f5a2ecf9194e2b784be37e837982dec3bdcb7b9db48aa4e7e4,300,local_theil_sen_center
core_alpha_0p9_to_1,2.5,17,5,0.025,1069.502,1875.000,128eeb1ea3ad30f5a2ecf9194e2b784be37e837982dec3bdcb7b9db48aa4e7e4,300,local_theil_sen_center
core_alpha_0p9_to_1,2.6,18,5,0.025,1096.442,1873.250,128eeb1ea3ad30f5a2ecf9194e2b784be37e837982dec3bdcb7b9db48aa4e7e4,300,local_theil_sen_center
core_alpha_0p9_to_1,2.7,14,5,0.025,1123.381,1878.845,128eeb1ea3ad30f5a2ecf9194e2b784be37e837982dec3bdcb7b9db48aa4e7e4,300,local_theil_sen_center
core_alpha_0p9_to_1,2.8,13,5,0.025,1150.320,1881.000,128eeb1ea3ad30f5a2ecf9194e2b784be37e837982dec3bdcb7b9db48aa4e7e4,300,local_theil_sen_center
core_alpha_0p9_to_1,2.9,13,5,0.025,1177.259,1880.500,128eeb1ea3ad30f5a2ecf9194e2b784be37e837982dec3bdcb7b9db48aa4e7e4,300,local_theil_sen_center
core_alpha_0p9_to_1,3.0,13,5,0.025,1204.198,1881.270,128eeb1ea3ad30f5a2ecf9194e2b784be37e837982dec3bdcb7b9db48aa4e7e4,300,local_theil_sen_center
