panel,aircraft,time_s,alpha_interval,equivalent_diameter_class_m,velocity_component_label,velocity_value_m_s,evidence_class,pdf_page,journal_page,source,source_pdf_sha256,uncertainty
Fig. 11(d),Dash-8,1.0,0.001 <= alpha_L <= 1,0.04–0.1,v_x,0.07,reported_numerical_result_directly_labelled_in_source_figure,10,1524,"Calbrix et al. (2023), Fig. 11(d), exact bar-top label transcription",128eeb1ea3ad30f5a2ecf9194e2b784be37e837982dec3bdcb7b9db48aa4e7e4,none printed; no error bar or class sample count shown
Fig. 11(d),Dash-8,1.0,0.001 <= alpha_L <= 1,0.04–0.1,v_y,25.95,reported_numerical_result_directly_labelled_in_source_figure,10,1524,"Calbrix et al. (2023), Fig. 11(d), exact bar-top label transcription",128eeb1ea3ad30f5a2ecf9194e2b784be37e837982dec3bdcb7b9db48aa4e7e4,none printed; no error bar or class sample count shown
Fig. 11(d),Dash-8,1.0,0.001 <= alpha_L <= 1,0.04–0.1,v_z,1.07,reported_numerical_result_directly_labelled_in_source_figure,10,1524,"Calbrix et al. (2023), Fig. 11(d), exact bar-top label transcription",128eeb1ea3ad30f5a2ecf9194e2b784be37e837982dec3bdcb7b9db48aa4e7e4,none printed; no error bar or class sample count shown
Fig. 11(d),Dash-8,1.0,0.001 <= alpha_L <= 1,0.1–1,v_x,-0.02,reported_numerical_result_directly_labelled_in_source_figure,10,1524,"Calbrix et al. (2023), Fig. 11(d), exact bar-top label transcription",128eeb1ea3ad30f5a2ecf9194e2b784be37e837982dec3bdcb7b9db48aa4e7e4,none printed; no error bar or class sample count shown
Fig. 11(d),Dash-8,1.0,0.001 <= alpha_L <= 1,0.1–1,v_y,41.57,reported_numerical_result_directly_labelled_in_source_figure,10,1524,"Calbrix et al. (2023), Fig. 11(d), exact bar-top label transcription",128eeb1ea3ad30f5a2ecf9194e2b784be37e837982dec3bdcb7b9db48aa4e7e4,none printed; no error bar or class sample count shown
Fig. 11(d),Dash-8,1.0,0.001 <= alpha_L <= 1,0.1–1,v_z,-2.26,reported_numerical_result_directly_labelled_in_source_figure,10,1524,"Calbrix et al. (2023), Fig. 11(d), exact bar-top label transcription",128eeb1ea3ad30f5a2ecf9194e2b784be37e837982dec3bdcb7b9db48aa4e7e4,none printed; no error bar or class sample count shown
Fig. 11(d),Dash-8,1.0,0.001 <= alpha_L <= 1,1–10,v_x,-0.16,reported_numerical_result_directly_labelled_in_source_figure,10,1524,"Calbrix et al. (2023), Fig. 11(d), exact bar-top label transcription",128eeb1ea3ad30f5a2ecf9194e2b784be37e837982dec3bdcb7b9db48aa4e7e4,none printed; no error bar or class sample count shown
Fig. 11(d),Dash-8,1.0,0.001 <= alpha_L <= 1,1–10,v_y,18.7,reported_numerical_result_directly_labelled_in_source_figure,10,1524,"Calbrix et al. (2023), Fig. 11(d), exact bar-top label transcription",128eeb1ea3ad30f5a2ecf9194e2b784be37e837982dec3bdcb7b9db48aa4e7e4,none printed; no error bar or class sample count shown
Fig. 11(d),Dash-8,1.0,0.001 <= alpha_L <= 1,1–10,v_z,-5.13,reported_numerical_result_directly_labelled_in_source_figure,10,1524,"Calbrix et al. (2023), Fig. 11(d), exact bar-top label transcription",128eeb1ea3ad30f5a2ecf9194e2b784be37e837982dec3bdcb7b9db48aa4e7e4,none printed; no error bar or class sample count shown
