observable,x_over_dj,value_over_dj,sigma_value_over_dj,sigma_x_over_dj
penetration_y,0.000,0.000,0.070,0.020
penetration_y,0.250,1.500,0.070,0.020
penetration_y,0.500,2.275,0.070,0.020
penetration_y,0.750,2.925,0.070,0.020
penetration_y,1.000,3.425,0.070,0.020
penetration_y,1.250,3.875,0.070,0.020
penetration_y,1.500,4.275,0.070,0.020
penetration_y,1.750,4.600,0.070,0.020
penetration_y,2.000,4.900,0.070,0.020
penetration_y,2.250,5.150,0.070,0.020
penetration_y,2.500,5.375,0.070,0.020
penetration_y,2.750,5.600,0.070,0.020
penetration_y,3.000,5.775,0.070,0.020
penetration_y,3.250,5.975,0.070,0.020
penetration_y,3.500,6.150,0.070,0.020
penetration_y,3.750,6.325,0.070,0.020
penetration_y,4.000,6.450,0.070,0.020
penetration_y,4.250,6.575,0.070,0.020
penetration_y,4.500,6.650,0.070,0.020
penetration_y,4.750,6.700,0.070,0.020
penetration_y,4.875,6.725,0.070,0.020
width_z,0.000,0.000,0.040,0.010
width_z,0.250,1.071,0.040,0.010
width_z,0.500,2.143,0.040,0.010
width_z,0.750,2.669,0.040,0.010
width_z,1.000,3.092,0.040,0.010
width_z,1.250,3.269,0.040,0.010
width_z,1.500,3.481,0.040,0.010
width_z,1.750,3.683,0.040,0.010
width_z,2.000,3.971,0.040,0.010
width_z,2.250,4.144,0.040,0.010
width_z,2.500,4.328,0.040,0.010
