observable,x_over_dj,value_over_dj_raster,sigma_raster_bound,source_value_over_dj,source_sigma_value_bound,source_sigma_x_bound,local_abs_slope,trace_window_px,trace_columns,trace_xpix_min,trace_xpix_max
penetration_y,0.000,0.0000,0.0200,0.0000,0.0700,0.0200,0.0000,0,0,0.0,0.0
penetration_y,0.250,1.5417,0.0419,1.5000,0.0700,0.0200,0.8798,7,13,905.0,919.0
penetration_y,0.500,2.3257,0.0986,2.2750,0.0700,0.0200,1.0696,7,14,950.0,965.0
penetration_y,0.750,2.9121,0.0250,2.9250,0.0700,0.0200,0.7725,7,10,996.0,1011.0
penetration_y,1.000,3.4559,0.0684,3.4250,0.0700,0.0200,0.3219,7,14,1041.0,1056.0
penetration_y,1.250,3.8643,0.0339,3.8750,0.0700,0.0200,0.7725,7,12,1088.0,1102.0
penetration_y,1.500,4.2934,0.0527,4.2750,0.0700,0.0200,0.0000,7,13,1135.0,1147.0
penetration_y,1.750,4.5856,0.0315,4.6000,0.0700,0.0200,0.5334,7,12,1178.0,1193.0
penetration_y,2.000,4.8988,0.0439,4.9000,0.0700,0.0200,1.1763,7,13,1226.0,1238.0
penetration_y,2.250,5.1572,0.0250,5.1500,0.0700,0.0200,0.3863,7,12,1269.0,1284.0
penetration_y,2.500,5.3987,0.0427,5.3750,0.0700,0.0200,0.3090,7,14,1317.0,1330.0
penetration_y,2.750,5.5980,0.0422,5.6000,0.0700,0.0200,0.9013,7,15,1360.0,1375.0
penetration_y,3.000,5.7915,0.0276,5.7750,0.0700,0.0200,0.3311,7,11,1408.0,1418.0
penetration_y,3.250,5.9695,0.0590,5.9750,0.0700,0.0200,0.3863,7,13,1451.0,1466.0
penetration_y,3.500,6.1503,0.0401,6.1500,0.0700,0.0200,0.0000,7,14,1497.0,1512.0
penetration_y,3.750,6.3218,0.0464,6.3250,0.0700,0.0200,0.0773,7,12,1542.0,1557.0
penetration_y,4.000,6.4453,0.0401,6.4500,0.0700,0.0200,0.7725,7,10,1591.0,1600.0
penetration_y,4.250,6.5827,0.0779,6.5750,0.0700,0.0200,0.0000,7,13,1633.0,1648.0
penetration_y,4.500,6.6537,0.0502,6.6500,0.0700,0.0200,0.2318,7,13,1682.0,1694.0
penetration_y,4.750,6.6802,0.0250,6.7000,0.0700,0.0200,0.0000,7,7,1726.0,1737.0
penetration_y,4.875,6.7304,0.1103,6.7250,0.0700,0.0200,0.2833,7,8,1750.0,1760.0
width_z,0.000,0.0000,0.0200,0.0000,0.0400,0.0100,0.0000,0,0,0.0,0.0
width_z,0.250,1.1593,0.0820,1.0710,0.0400,0.0100,2.4769,42,12,2939.0,2969.0
width_z,0.500,2.1311,0.0250,2.1430,0.0400,0.0100,2.4769,7,16,3064.0,3079.0
width_z,0.750,2.6647,0.0397,2.6690,0.0400,0.0100,2.5246,7,16,3210.0,3225.0
width_z,1.000,3.0894,0.0352,3.0920,0.0400,0.0100,1.3377,7,16,3356.0,3371.0
width_z,1.250,3.2738,0.0250,3.2690,0.0400,0.0100,0.2654,7,16,3502.0,3517.0
width_z,1.500,3.4585,0.0305,3.4810,0.0400,0.0100,0.1039,7,16,3648.0,3663.0
width_z,1.750,3.6891,0.0315,3.6830,0.0400,0.0100,1.2798,7,16,3793.0,3808.0
width_z,2.000,3.9648,0.0292,3.9710,0.0400,0.0100,1.5039,7,16,3939.0,3954.0
width_z,2.250,4.1530,0.0307,4.1440,0.0400,0.0100,1.2385,7,16,4085.0,4100.0
width_z,2.500,4.3160,0.0250,4.3280,0.0400,0.0100,1.2385,7,16,4231.0,4246.0
