kind,index,spacing_hex,expected_inverse_hex,observed_token,match
center,0,0x1.999999999999ap-6,0x1.4000000000000p+5,4.0000000000000000E+001,true
center,1,0x1.999999999999ap-6,0x1.4000000000000p+5,4.0000000000000000E+001,true
center,2,0x1.9999999999999p-6,0x1.4000000000000p+5,4.0000000000000000E+001,true
center,3,0x1.999999999999ap-6,0x1.4000000000000p+5,4.0000000000000000E+001,true
center,4,0x1.999999999999ap-6,0x1.4000000000000p+5,4.0000000000000000E+001,true
center,5,0x1.9999999999998p-6,0x1.4000000000001p+5,4.0000000000000007E+001,true
center,6,0x1.9999999999998p-6,0x1.4000000000001p+5,4.0000000000000007E+001,true
center,7,0x1.999999999999cp-6,0x1.3fffffffffffep+5,3.9999999999999986E+001,true
center,8,0x1.999999999999cp-6,0x1.3fffffffffffep+5,3.9999999999999986E+001,true
center,9,0x1.9999999999998p-6,0x1.4000000000001p+5,4.0000000000000007E+001,true
center,10,0x1.999999999999cp-6,0x1.3fffffffffffep+5,3.9999999999999986E+001,true
center,11,0x1.9999999999998p-6,0x1.4000000000001p+5,4.0000000000000007E+001,true
center,12,0x1.9999999999998p-6,0x1.4000000000001p+5,4.0000000000000007E+001,true
center,13,0x1.9999999999998p-6,0x1.4000000000001p+5,4.0000000000000007E+001,true
center,14,0x1.9999999999998p-6,0x1.4000000000001p+5,4.0000000000000007E+001,true
center,15,0x1.99999999999a0p-6,0x1.3fffffffffffbp+5,3.9999999999999964E+001,true
center,16,0x1.9999999999998p-6,0x1.4000000000001p+5,4.0000000000000007E+001,true
center,17,0x1.9999999999998p-6,0x1.4000000000001p+5,4.0000000000000007E+001,true
center,18,0x1.9999999999998p-6,0x1.4000000000001p+5,4.0000000000000007E+001,true
center,19,0x1.9999999999998p-6,0x1.4000000000001p+5,4.0000000000000007E+001,true
center,20,0x1.99999999999a0p-6,0x1.3fffffffffffbp+5,3.9999999999999964E+001,true
center,21,0x1.99999999999a0p-6,0x1.3fffffffffffbp+5,3.9999999999999964E+001,true
center,22,0x1.9999999999990p-6,0x1.4000000000008p+5,4.0000000000000057E+001,true
center,23,0x1.9999999999990p-6,0x1.4000000000008p+5,4.0000000000000057E+001,true
center,24,0x1.99999999999a0p-6,0x1.3fffffffffffbp+5,3.9999999999999964E+001,true
center,25,0x1.99999999999a0p-6,0x1.3fffffffffffbp+5,3.9999999999999964E+001,true
center,26,0x1.99999999999a0p-6,0x1.3fffffffffffbp+5,3.9999999999999964E+001,true
center,27,0x1.9999999999990p-6,0x1.4000000000008p+5,4.0000000000000057E+001,true
center,28,0x1.9999999999990p-6,0x1.4000000000008p+5,4.0000000000000057E+001,true
center,29,0x1.99999999999a0p-6,0x1.3fffffffffffbp+5,3.9999999999999964E+001,true
center,30,0x1.99999999999a0p-6,0x1.3fffffffffffbp+5,3.9999999999999964E+001,true
center,31,0x1.99999999999a0p-6,0x1.3fffffffffffbp+5,3.9999999999999964E+001,true
center,32,0x1.9999999999990p-6,0x1.4000000000008p+5,4.0000000000000057E+001,true
center,33,0x1.9999999999990p-6,0x1.4000000000008p+5,4.0000000000000057E+001,true
center,34,0x1.99999999999a0p-6,0x1.3fffffffffffbp+5,3.9999999999999964E+001,true
center,35,0x1.99999999999a0p-6,0x1.3fffffffffffbp+5,3.9999999999999964E+001,true
center,36,0x1.99999999999a0p-6,0x1.3fffffffffffbp+5,3.9999999999999964E+001,true
center,37,0x1.9999999999990p-6,0x1.4000000000008p+5,4.0000000000000057E+001,true
center,38,0x1.9999999999990p-6,0x1.4000000000008p+5,4.0000000000000057E+001,true
center,39,0x1.99999999999a0p-6,0x1.3fffffffffffbp+5,3.9999999999999964E+001,true
center,40,0x1.99999999999a0p-6,0x1.3fffffffffffbp+5,3.9999999999999964E+001,true
center,41,0x1.99999999999a0p-6,0x1.3fffffffffffbp+5,3.9999999999999964E+001,true
face,0,0x1.999999999999ap-6,0x1.4000000000000p+5,4.0000000000000000E+001,true
face,1,0x1.999999999999ap-6,0x1.4000000000000p+5,4.0000000000000000E+001,true
face,2,0x1.999999999999ap-6,0x1.4000000000000p+5,4.0000000000000000E+001,true
face,3,0x1.9999999999998p-6,0x1.4000000000001p+5,4.0000000000000007E+001,true
face,4,0x1.999999999999cp-6,0x1.3fffffffffffep+5,3.9999999999999986E+001,true
face,5,0x1.9999999999998p-6,0x1.4000000000001p+5,4.0000000000000007E+001,true
face,6,0x1.9999999999998p-6,0x1.4000000000001p+5,4.0000000000000007E+001,true
face,7,0x1.9999999999998p-6,0x1.4000000000001p+5,4.0000000000000007E+001,true
face,8,0x1.99999999999a0p-6,0x1.3fffffffffffbp+5,3.9999999999999964E+001,true
face,9,0x1.9999999999998p-6,0x1.4000000000001p+5,4.0000000000000007E+001,true
face,10,0x1.9999999999998p-6,0x1.4000000000001p+5,4.0000000000000007E+001,true
face,11,0x1.99999999999a0p-6,0x1.3fffffffffffbp+5,3.9999999999999964E+001,true
face,12,0x1.9999999999990p-6,0x1.4000000000008p+5,4.0000000000000057E+001,true
face,13,0x1.99999999999a0p-6,0x1.3fffffffffffbp+5,3.9999999999999964E+001,true
face,14,0x1.9999999999990p-6,0x1.4000000000008p+5,4.0000000000000057E+001,true
face,15,0x1.99999999999a0p-6,0x1.3fffffffffffbp+5,3.9999999999999964E+001,true
face,16,0x1.99999999999a0p-6,0x1.3fffffffffffbp+5,3.9999999999999964E+001,true
face,17,0x1.9999999999990p-6,0x1.4000000000008p+5,4.0000000000000057E+001,true
face,18,0x1.99999999999a0p-6,0x1.3fffffffffffbp+5,3.9999999999999964E+001,true
face,19,0x1.9999999999990p-6,0x1.4000000000008p+5,4.0000000000000057E+001,true
face,20,0x1.99999999999a0p-6,0x1.3fffffffffffbp+5,3.9999999999999964E+001,true
face,21,0x1.99999999999a0p-6,0x1.3fffffffffffbp+5,3.9999999999999964E+001,true
face,22,0x1.99999999999a0p-6,0x1.3fffffffffffbp+5,3.9999999999999964E+001,true
face,23,0x1.9999999999980p-6,0x1.4000000000014p+5,4.0000000000000142E+001,true
face,24,0x1.99999999999a0p-6,0x1.3fffffffffffbp+5,3.9999999999999964E+001,true
face,25,0x1.99999999999a0p-6,0x1.3fffffffffffbp+5,3.9999999999999964E+001,true
face,26,0x1.99999999999a0p-6,0x1.3fffffffffffbp+5,3.9999999999999964E+001,true
face,27,0x1.99999999999a0p-6,0x1.3fffffffffffbp+5,3.9999999999999964E+001,true
face,28,0x1.9999999999980p-6,0x1.4000000000014p+5,4.0000000000000142E+001,true
face,29,0x1.99999999999a0p-6,0x1.3fffffffffffbp+5,3.9999999999999964E+001,true
face,30,0x1.99999999999a0p-6,0x1.3fffffffffffbp+5,3.9999999999999964E+001,true
face,31,0x1.99999999999a0p-6,0x1.3fffffffffffbp+5,3.9999999999999964E+001,true
face,32,0x1.99999999999a0p-6,0x1.3fffffffffffbp+5,3.9999999999999964E+001,true
face,33,0x1.9999999999980p-6,0x1.4000000000014p+5,4.0000000000000142E+001,true
face,34,0x1.99999999999a0p-6,0x1.3fffffffffffbp+5,3.9999999999999964E+001,true
face,35,0x1.99999999999a0p-6,0x1.3fffffffffffbp+5,3.9999999999999964E+001,true
face,36,0x1.99999999999a0p-6,0x1.3fffffffffffbp+5,3.9999999999999964E+001,true
face,37,0x1.99999999999a0p-6,0x1.3fffffffffffbp+5,3.9999999999999964E+001,true
face,38,0x1.9999999999980p-6,0x1.4000000000014p+5,4.0000000000000142E+001,true
face,39,0x1.99999999999a0p-6,0x1.3fffffffffffbp+5,3.9999999999999964E+001,true
face,40,0x1.99999999999a0p-6,0x1.3fffffffffffbp+5,3.9999999999999964E+001,true
face,41,0x1.9999999999980p-6,0x1.4000000000014p+5,4.0000000000000142E+001,true
scalar-x,0,0x1.3333333333333p-5,0x1.aaaaaaaaaaaabp+4,2.6666666666666668E+001,true
scalar-y,0,0x1.7a786c226809dp-6,0x1.5a52023769481p+5,4.3290043290043293E+001,true
scalar-z,0,0x1.999999999999ap-6,0x1.4000000000000p+5,4.0000000000000000E+001,true
