state_index,expected_index_time,independent_ab2_clock,emitted_time,same_clock
0,0,0,0,true
1,1.0000000000000000E-004,1.0000000000000000E-004,1.0000000000000000E-004,true
2,2.0000000000000001E-004,2.0000000000000004E-004,2.0000000000000001E-004,false
3,3.0000000000000003E-004,3.0000000000000003E-004,3.0000000000000003E-004,true
4,4.0000000000000002E-004,4.0000000000000007E-004,4.0000000000000002E-004,false
5,5.0000000000000001E-004,5.0000000000000012E-004,5.0000000000000001E-004,false
6,6.0000000000000006E-004,6.0000000000000016E-004,6.0000000000000006E-004,false
7,6.9999999999999999E-004,7.0000000000000021E-004,6.9999999999999999E-004,false
8,8.0000000000000004E-004,8.0000000000000026E-004,8.0000000000000004E-004,false
9,9.0000000000000008E-004,9.0000000000000030E-004,9.0000000000000008E-004,false
10,1.0000000000000000E-003,1.0000000000000002E-003,1.0000000000000000E-003,false
11,1.1000000000000001E-003,1.1000000000000003E-003,1.1000000000000001E-003,false
12,1.2000000000000001E-003,1.2000000000000003E-003,1.2000000000000001E-003,false
13,1.3000000000000002E-003,1.3000000000000004E-003,1.3000000000000002E-003,false
14,1.4000000000000000E-003,1.4000000000000004E-003,1.4000000000000000E-003,false
