x_m,z_m,y_m,classification
-2.5,-3.5,0.08,inferred_assumed
-2.5,-2,0.0799999911,inferred_assumed
-2.5,-1,0.0799990376,inferred_assumed
-2.5,-0.5,0.0799968934,inferred_assumed
-2.5,-0.4,0.0799964243,inferred_assumed
-2.5,-0.3,0.079996011,inferred_assumed
-2.5,-0.25,0.0799958359,inferred_assumed
-2.5,-0.2,0.0799956869,inferred_assumed
-2.5,-0.15,0.0799955673,inferred_assumed
-2.5,-0.1,0.0799954799,inferred_assumed
-2.5,-0.05,0.0799954266,inferred_assumed
-2.5,0,0.0799954087,inferred_assumed
-2.5,0.05,0.0799954266,inferred_assumed
-2.5,0.1,0.0799954799,inferred_assumed
-2.5,0.15,0.0799955673,inferred_assumed
-2.5,0.2,0.0799956869,inferred_assumed
-2.5,0.25,0.0799958359,inferred_assumed
-2.5,0.3,0.079996011,inferred_assumed
-2.5,0.4,0.0799964243,inferred_assumed
-2.5,0.5,0.0799968934,inferred_assumed
-2.5,1,0.0799990376,inferred_assumed
-2.5,2,0.0799999911,inferred_assumed
-2.5,3.5,0.08,inferred_assumed
-2,-3.5,0.08,inferred_assumed
-2,-2,0.0799997019,inferred_assumed
-2,-1,0.0799676284,inferred_assumed
-2,-0.5,0.0798955032,inferred_assumed
-2,-0.4,0.0798797249,inferred_assumed
-2,-0.3,0.0798658234,inferred_assumed
-2,-0.25,0.0798599323,inferred_assumed
-2,-0.2,0.0798549205,inferred_assumed
-2,-0.15,0.0798508987,inferred_assumed
-2,-0.1,0.079847958,inferred_assumed
-2,-0.05,0.0798461658,inferred_assumed
-2,0,0.0798455637,inferred_assumed
-2,0.05,0.0798461658,inferred_assumed
-2,0.1,0.079847958,inferred_assumed
-2,0.15,0.0798508987,inferred_assumed
-2,0.2,0.0798549205,inferred_assumed
-2,0.25,0.0798599323,inferred_assumed
-2,0.3,0.0798658234,inferred_assumed
-2,0.4,0.0798797249,inferred_assumed
-2,0.5,0.0798955032,inferred_assumed
-2,1,0.0799676284,inferred_assumed
-2,2,0.0799997019,inferred_assumed
-2,3.5,0.08,inferred_assumed
-1.5,-3.5,0.08,inferred_assumed
-1.5,-2,0.0799954087,inferred_assumed
-1.5,-1,0.0795014734,inferred_assumed
-1.5,-0.5,0.0783907365,inferred_assumed
-1.5,-0.4,0.078147749,inferred_assumed
-1.5,-0.3,0.0779336647,inferred_assumed
-1.5,-0.25,0.0778429417,inferred_assumed
-1.5,-0.2,0.0777657589,inferred_assumed
-1.5,-0.15,0.0777038234,inferred_assumed
-1.5,-0.1,0.0776585354,inferred_assumed
-1.5,-0.05,0.0776309349,inferred_assumed
-1.5,0,0.0776216627,inferred_assumed
-1.5,0.05,0.0776309349,inferred_assumed
-1.5,0.1,0.0776585354,inferred_assumed
-1.5,0.15,0.0777038234,inferred_assumed
-1.5,0.2,0.0777657589,inferred_assumed
-1.5,0.25,0.0778429417,inferred_assumed
-1.5,0.3,0.0779336647,inferred_assumed
-1.5,0.4,0.078147749,inferred_assumed
-1.5,0.5,0.0783907365,inferred_assumed
-1.5,1,0.0795014734,inferred_assumed
-1.5,2,0.0799954087,inferred_assumed
-1.5,3.5,0.08,inferred_assumed
-1,-3.5,0.0799999999,inferred_assumed
-1,-2,0.0799676284,inferred_assumed
-1,-1,0.0764850453,inferred_assumed
-1,-0.5,0.0686535873,inferred_assumed
-1,-0.4,0.066940359,inferred_assumed
-1,-0.3,0.0654309177,inferred_assumed
-1,-0.25,0.0647912581,inferred_assumed
-1,-0.2,0.064247066,inferred_assumed
-1,-0.15,0.0638103786,inferred_assumed
-1,-0.1,0.0634910669,inferred_assumed
-1,-0.05,0.0632964648,inferred_assumed
-1,0,0.063231089,inferred_assumed
-1,0.05,0.0632964648,inferred_assumed
-1,0.1,0.0634910669,inferred_assumed
-1,0.15,0.0638103786,inferred_assumed
-1,0.2,0.064247066,inferred_assumed
-1,0.25,0.0647912581,inferred_assumed
-1,0.3,0.0654309177,inferred_assumed
-1,0.4,0.066940359,inferred_assumed
-1,0.5,0.0686535873,inferred_assumed
-1,1,0.0764850453,inferred_assumed
-1,2,0.0799676284,inferred_assumed
-1,3.5,0.0799999999,inferred_assumed
-0.5,-3.5,0.0799999997,inferred_assumed
-0.5,-2,0.0798955032,inferred_assumed
-0.5,-1,0.0686535873,inferred_assumed
-0.5,-0.5,0.0433733311,inferred_assumed
-0.5,-0.4,0.0378429625,inferred_assumed
-0.5,-0.3,0.0329704262,inferred_assumed
-0.5,-0.25,0.0309055799,inferred_assumed
-0.5,-0.2,0.0291489061,inferred_assumed
-0.5,-0.15,0.0277392618,inferred_assumed
-0.5,-0.1,0.0267085111,inferred_assumed
-0.5,-0.05,0.0260803279,inferred_assumed
-0.5,0,0.0258692923,inferred_assumed
-0.5,0.05,0.0260803279,inferred_assumed
-0.5,0.1,0.0267085111,inferred_assumed
-0.5,0.15,0.0277392618,inferred_assumed
-0.5,0.2,0.0291489061,inferred_assumed
-0.5,0.25,0.0309055799,inferred_assumed
-0.5,0.3,0.0329704262,inferred_assumed
-0.5,0.4,0.0378429625,inferred_assumed
-0.5,0.5,0.0433733311,inferred_assumed
-0.5,1,0.0686535873,inferred_assumed
-0.5,2,0.0798955032,inferred_assumed
-0.5,3.5,0.0799999997,inferred_assumed
-0.4,-3.5,0.0799999997,inferred_assumed
-0.4,-2,0.0798797249,inferred_assumed
-0.4,-1,0.066940359,inferred_assumed
-0.4,-0.5,0.0378429625,inferred_assumed
-0.4,-0.4,0.0314775472,inferred_assumed
-0.4,-0.3,0.0258692923,inferred_assumed
-0.4,-0.25,0.0234926688,inferred_assumed
-0.4,-0.2,0.0214707497,inferred_assumed
-0.4,-0.15,0.0198482591,inferred_assumed
-0.4,-0.1,0.0186618723,inferred_assumed
-0.4,-0.05,0.0179388379,inferred_assumed
-0.4,0,0.0176959374,inferred_assumed
-0.4,0.05,0.0179388379,inferred_assumed
-0.4,0.1,0.0186618723,inferred_assumed
-0.4,0.15,0.0198482591,inferred_assumed
-0.4,0.2,0.0214707497,inferred_assumed
-0.4,0.25,0.0234926688,inferred_assumed
-0.4,0.3,0.0258692923,inferred_assumed
-0.4,0.4,0.0314775472,inferred_assumed
-0.4,0.5,0.0378429625,inferred_assumed
-0.4,1,0.066940359,inferred_assumed
-0.4,2,0.0798797249,inferred_assumed
-0.4,3.5,0.0799999997,inferred_assumed
-0.3,-3.5,0.0799999997,inferred_assumed
-0.3,-2,0.0798658234,inferred_assumed
-0.3,-1,0.0654309177,inferred_assumed
-0.3,-0.5,0.0329704262,inferred_assumed
-0.3,-0.4,0.0258692923,inferred_assumed
-0.3,-0.3,0.0196128318,inferred_assumed
-0.3,-0.25,0.0169615168,inferred_assumed
-0.3,-0.2,0.014705903,inferred_assumed
-0.3,-0.15,0.0128958839,inferred_assumed
-0.3,-0.1,0.0115723738,inferred_assumed
-0.3,-0.05,0.0107657706,inferred_assumed
-0.3,0,0.0104947955,inferred_assumed
-0.3,0.05,0.0107657706,inferred_assumed
-0.3,0.1,0.0115723738,inferred_assumed
-0.3,0.15,0.0128958839,inferred_assumed
-0.3,0.2,0.014705903,inferred_assumed
-0.3,0.25,0.0169615168,inferred_assumed
-0.3,0.3,0.0196128318,inferred_assumed
-0.3,0.4,0.0258692923,inferred_assumed
-0.3,0.5,0.0329704262,inferred_assumed
-0.3,1,0.0654309177,inferred_assumed
-0.3,2,0.0798658234,inferred_assumed
-0.3,3.5,0.0799999997,inferred_assumed
-0.25,-3.5,0.0799999996,inferred_assumed
-0.25,-2,0.0798599323,inferred_assumed
-0.25,-1,0.0647912581,inferred_assumed
-0.25,-0.5,0.0309055799,inferred_assumed
-0.25,-0.4,0.0234926688,inferred_assumed
-0.25,-0.3,0.0169615168,inferred_assumed
-0.25,-0.25,0.014193795,inferred_assumed
-0.25,-0.2,0.0118391478,inferred_assumed
-0.25,-0.15,0.00994965942,inferred_assumed
-0.25,-0.1,0.00856804025,inferred_assumed
-0.25,-0.05,0.00772602292,inferred_assumed
-0.25,0,0.00744315057,inferred_assumed
-0.25,0.05,0.00772602292,inferred_assumed
-0.25,0.1,0.00856804025,inferred_assumed
-0.25,0.15,0.00994965942,inferred_assumed
-0.25,0.2,0.0118391478,inferred_assumed
-0.25,0.25,0.014193795,inferred_assumed
-0.25,0.3,0.0169615168,inferred_assumed
-0.25,0.4,0.0234926688,inferred_assumed
-0.25,0.5,0.0309055799,inferred_assumed
-0.25,1,0.0647912581,inferred_assumed
-0.25,2,0.0798599323,inferred_assumed
-0.25,3.5,0.0799999996,inferred_assumed
-0.2,-3.5,0.0799999996,inferred_assumed
-0.2,-2,0.0798549205,inferred_assumed
-0.2,-1,0.064247066,inferred_assumed
-0.2,-0.5,0.0291489061,inferred_assumed
-0.2,-0.4,0.0214707497,inferred_assumed
-0.2,-0.3,0.014705903,inferred_assumed
-0.2,-0.25,0.0118391478,inferred_assumed
-0.2,-0.2,0.00940024779,inferred_assumed
-0.2,-0.15,0.00744315057,inferred_assumed
-0.2,-0.1,0.00601209494,inferred_assumed
-0.2,-0.05,0.00513994893,inferred_assumed
-0.2,0,0.00484695497,inferred_assumed
-0.2,0.05,0.00513994893,inferred_assumed
-0.2,0.1,0.00601209494,inferred_assumed
-0.2,0.15,0.00744315057,inferred_assumed
-0.2,0.2,0.00940024779,inferred_assumed
-0.2,0.25,0.0118391478,inferred_assumed
-0.2,0.3,0.014705903,inferred_assumed
-0.2,0.4,0.0214707497,inferred_assumed
-0.2,0.5,0.0291489061,inferred_assumed
-0.2,1,0.064247066,inferred_assumed
-0.2,2,0.0798549205,inferred_assumed
-0.2,3.5,0.0799999996,inferred_assumed
-0.15,-3.5,0.0799999996,inferred_assumed
-0.15,-2,0.0798508987,inferred_assumed
-0.15,-1,0.0638103786,inferred_assumed
-0.15,-0.5,0.0277392618,inferred_assumed
-0.15,-0.4,0.0198482591,inferred_assumed
-0.15,-0.3,0.0128958839,inferred_assumed
-0.15,-0.25,0.00994965942,inferred_assumed
-0.15,-0.2,0.00744315057,inferred_assumed
-0.15,-0.15,0.00543180061,inferred_assumed
-0.15,-0.1,0.00396107466,inferred_assumed
-0.15,-0.05,0.00306475187,inferred_assumed
-0.15,0,0.00276363582,inferred_assumed
-0.15,0.05,0.00306475187,inferred_assumed
-0.15,0.1,0.00396107466,inferred_assumed
-0.15,0.15,0.00543180061,inferred_assumed
-0.15,0.2,0.00744315057,inferred_assumed
-0.15,0.25,0.00994965942,inferred_assumed
-0.15,0.3,0.0128958839,inferred_assumed
-0.15,0.4,0.0198482591,inferred_assumed
-0.15,0.5,0.0277392618,inferred_assumed
-0.15,1,0.0638103786,inferred_assumed
-0.15,2,0.0798508987,inferred_assumed
-0.15,3.5,0.0799999996,inferred_assumed
-0.1,-3.5,0.0799999996,inferred_assumed
-0.1,-2,0.079847958,inferred_assumed
-0.1,-1,0.0634910669,inferred_assumed
-0.1,-0.5,0.0267085111,inferred_assumed
-0.1,-0.4,0.0186618723,inferred_assumed
-0.1,-0.3,0.0115723738,inferred_assumed
-0.1,-0.25,0.00856804025,inferred_assumed
-0.1,-0.2,0.00601209494,inferred_assumed
-0.1,-0.15,0.00396107466,inferred_assumed
-0.1,-0.1,0.00246134124,inferred_assumed
-0.1,-0.05,0.00154734007,inferred_assumed
-0.1,0,0.00124028504,inferred_assumed
-0.1,0.05,0.00154734007,inferred_assumed
-0.1,0.1,0.00246134124,inferred_assumed
-0.1,0.15,0.00396107466,inferred_assumed
-0.1,0.2,0.00601209494,inferred_assumed
-0.1,0.25,0.00856804025,inferred_assumed
-0.1,0.3,0.0115723738,inferred_assumed
-0.1,0.4,0.0186618723,inferred_assumed
-0.1,0.5,0.0267085111,inferred_assumed
-0.1,1,0.0634910669,inferred_assumed
-0.1,2,0.079847958,inferred_assumed
-0.1,3.5,0.0799999996,inferred_assumed
-0.05,-3.5,0.0799999996,inferred_assumed
-0.05,-2,0.0798461658,inferred_assumed
-0.05,-1,0.0632964648,inferred_assumed
-0.05,-0.5,0.0260803279,inferred_assumed
-0.05,-0.4,0.0179388379,inferred_assumed
-0.05,-0.3,0.0107657706,inferred_assumed
-0.05,-0.25,0.00772602292,inferred_assumed
-0.05,-0.2,0.00513994893,inferred_assumed
-0.05,-0.15,0.00306475187,inferred_assumed
-0.05,-0.1,0.00154734007,inferred_assumed
-0.05,-0.05,0.000622564939,inferred_assumed
-0.05,0,0.000311890442,inferred_assumed
-0.05,0.05,0.000622564939,inferred_assumed
-0.05,0.1,0.00154734007,inferred_assumed
-0.05,0.15,0.00306475187,inferred_assumed
-0.05,0.2,0.00513994893,inferred_assumed
-0.05,0.25,0.00772602292,inferred_assumed
-0.05,0.3,0.0107657706,inferred_assumed
-0.05,0.4,0.0179388379,inferred_assumed
-0.05,0.5,0.0260803279,inferred_assumed
-0.05,1,0.0632964648,inferred_assumed
-0.05,2,0.0798461658,inferred_assumed
-0.05,3.5,0.0799999996,inferred_assumed
0,-3.5,0.0799999996,inferred_assumed
0,-2,0.0798455637,inferred_assumed
0,-1,0.063231089,inferred_assumed
0,-0.5,0.0258692923,inferred_assumed
0,-0.4,0.0176959374,inferred_assumed
0,-0.3,0.0104947955,inferred_assumed
0,-0.25,0.00744315057,inferred_assumed
0,-0.2,0.00484695497,inferred_assumed
0,-0.15,0.00276363582,inferred_assumed
0,-0.1,0.00124028504,inferred_assumed
0,-0.05,0.000311890442,inferred_assumed
0,0,0,inferred_assumed
0,0.05,0.000311890442,inferred_assumed
0,0.1,0.00124028504,inferred_assumed
0,0.15,0.00276363582,inferred_assumed
0,0.2,0.00484695497,inferred_assumed
0,0.25,0.00744315057,inferred_assumed
0,0.3,0.0104947955,inferred_assumed
0,0.4,0.0176959374,inferred_assumed
0,0.5,0.0258692923,inferred_assumed
0,1,0.063231089,inferred_assumed
0,2,0.0798455637,inferred_assumed
0,3.5,0.0799999996,inferred_assumed
0.05,-3.5,0.0799999996,inferred_assumed
0.05,-2,0.0798461658,inferred_assumed
0.05,-1,0.0632964648,inferred_assumed
0.05,-0.5,0.0260803279,inferred_assumed
0.05,-0.4,0.0179388379,inferred_assumed
0.05,-0.3,0.0107657706,inferred_assumed
0.05,-0.25,0.00772602292,inferred_assumed
0.05,-0.2,0.00513994893,inferred_assumed
0.05,-0.15,0.00306475187,inferred_assumed
0.05,-0.1,0.00154734007,inferred_assumed
0.05,-0.05,0.000622564939,inferred_assumed
0.05,0,0.000311890442,inferred_assumed
0.05,0.05,0.000622564939,inferred_assumed
0.05,0.1,0.00154734007,inferred_assumed
0.05,0.15,0.00306475187,inferred_assumed
0.05,0.2,0.00513994893,inferred_assumed
0.05,0.25,0.00772602292,inferred_assumed
0.05,0.3,0.0107657706,inferred_assumed
0.05,0.4,0.0179388379,inferred_assumed
0.05,0.5,0.0260803279,inferred_assumed
0.05,1,0.0632964648,inferred_assumed
0.05,2,0.0798461658,inferred_assumed
0.05,3.5,0.0799999996,inferred_assumed
0.1,-3.5,0.0799999996,inferred_assumed
0.1,-2,0.079847958,inferred_assumed
0.1,-1,0.0634910669,inferred_assumed
0.1,-0.5,0.0267085111,inferred_assumed
0.1,-0.4,0.0186618723,inferred_assumed
0.1,-0.3,0.0115723738,inferred_assumed
0.1,-0.25,0.00856804025,inferred_assumed
0.1,-0.2,0.00601209494,inferred_assumed
0.1,-0.15,0.00396107466,inferred_assumed
0.1,-0.1,0.00246134124,inferred_assumed
0.1,-0.05,0.00154734007,inferred_assumed
0.1,0,0.00124028504,inferred_assumed
0.1,0.05,0.00154734007,inferred_assumed
0.1,0.1,0.00246134124,inferred_assumed
0.1,0.15,0.00396107466,inferred_assumed
0.1,0.2,0.00601209494,inferred_assumed
0.1,0.25,0.00856804025,inferred_assumed
0.1,0.3,0.0115723738,inferred_assumed
0.1,0.4,0.0186618723,inferred_assumed
0.1,0.5,0.0267085111,inferred_assumed
0.1,1,0.0634910669,inferred_assumed
0.1,2,0.079847958,inferred_assumed
0.1,3.5,0.0799999996,inferred_assumed
0.15,-3.5,0.0799999996,inferred_assumed
0.15,-2,0.0798508987,inferred_assumed
0.15,-1,0.0638103786,inferred_assumed
0.15,-0.5,0.0277392618,inferred_assumed
0.15,-0.4,0.0198482591,inferred_assumed
0.15,-0.3,0.0128958839,inferred_assumed
0.15,-0.25,0.00994965942,inferred_assumed
0.15,-0.2,0.00744315057,inferred_assumed
0.15,-0.15,0.00543180061,inferred_assumed
0.15,-0.1,0.00396107466,inferred_assumed
0.15,-0.05,0.00306475187,inferred_assumed
0.15,0,0.00276363582,inferred_assumed
0.15,0.05,0.00306475187,inferred_assumed
0.15,0.1,0.00396107466,inferred_assumed
0.15,0.15,0.00543180061,inferred_assumed
0.15,0.2,0.00744315057,inferred_assumed
0.15,0.25,0.00994965942,inferred_assumed
0.15,0.3,0.0128958839,inferred_assumed
0.15,0.4,0.0198482591,inferred_assumed
0.15,0.5,0.0277392618,inferred_assumed
0.15,1,0.0638103786,inferred_assumed
0.15,2,0.0798508987,inferred_assumed
0.15,3.5,0.0799999996,inferred_assumed
0.2,-3.5,0.0799999996,inferred_assumed
0.2,-2,0.0798549205,inferred_assumed
0.2,-1,0.064247066,inferred_assumed
0.2,-0.5,0.0291489061,inferred_assumed
0.2,-0.4,0.0214707497,inferred_assumed
0.2,-0.3,0.014705903,inferred_assumed
0.2,-0.25,0.0118391478,inferred_assumed
0.2,-0.2,0.00940024779,inferred_assumed
0.2,-0.15,0.00744315057,inferred_assumed
0.2,-0.1,0.00601209494,inferred_assumed
0.2,-0.05,0.00513994893,inferred_assumed
0.2,0,0.00484695497,inferred_assumed
0.2,0.05,0.00513994893,inferred_assumed
0.2,0.1,0.00601209494,inferred_assumed
0.2,0.15,0.00744315057,inferred_assumed
0.2,0.2,0.00940024779,inferred_assumed
0.2,0.25,0.0118391478,inferred_assumed
0.2,0.3,0.014705903,inferred_assumed
0.2,0.4,0.0214707497,inferred_assumed
0.2,0.5,0.0291489061,inferred_assumed
0.2,1,0.064247066,inferred_assumed
0.2,2,0.0798549205,inferred_assumed
0.2,3.5,0.0799999996,inferred_assumed
0.25,-3.5,0.0799999996,inferred_assumed
0.25,-2,0.0798599323,inferred_assumed
0.25,-1,0.0647912581,inferred_assumed
0.25,-0.5,0.0309055799,inferred_assumed
0.25,-0.4,0.0234926688,inferred_assumed
0.25,-0.3,0.0169615168,inferred_assumed
0.25,-0.25,0.014193795,inferred_assumed
0.25,-0.2,0.0118391478,inferred_assumed
0.25,-0.15,0.00994965942,inferred_assumed
0.25,-0.1,0.00856804025,inferred_assumed
0.25,-0.05,0.00772602292,inferred_assumed
0.25,0,0.00744315057,inferred_assumed
0.25,0.05,0.00772602292,inferred_assumed
0.25,0.1,0.00856804025,inferred_assumed
0.25,0.15,0.00994965942,inferred_assumed
0.25,0.2,0.0118391478,inferred_assumed
0.25,0.25,0.014193795,inferred_assumed
0.25,0.3,0.0169615168,inferred_assumed
0.25,0.4,0.0234926688,inferred_assumed
0.25,0.5,0.0309055799,inferred_assumed
0.25,1,0.0647912581,inferred_assumed
0.25,2,0.0798599323,inferred_assumed
0.25,3.5,0.0799999996,inferred_assumed
0.3,-3.5,0.0799999997,inferred_assumed
0.3,-2,0.0798658234,inferred_assumed
0.3,-1,0.0654309177,inferred_assumed
0.3,-0.5,0.0329704262,inferred_assumed
0.3,-0.4,0.0258692923,inferred_assumed
0.3,-0.3,0.0196128318,inferred_assumed
0.3,-0.25,0.0169615168,inferred_assumed
0.3,-0.2,0.014705903,inferred_assumed
0.3,-0.15,0.0128958839,inferred_assumed
0.3,-0.1,0.0115723738,inferred_assumed
0.3,-0.05,0.0107657706,inferred_assumed
0.3,0,0.0104947955,inferred_assumed
0.3,0.05,0.0107657706,inferred_assumed
0.3,0.1,0.0115723738,inferred_assumed
0.3,0.15,0.0128958839,inferred_assumed
0.3,0.2,0.014705903,inferred_assumed
0.3,0.25,0.0169615168,inferred_assumed
0.3,0.3,0.0196128318,inferred_assumed
0.3,0.4,0.0258692923,inferred_assumed
0.3,0.5,0.0329704262,inferred_assumed
0.3,1,0.0654309177,inferred_assumed
0.3,2,0.0798658234,inferred_assumed
0.3,3.5,0.0799999997,inferred_assumed
0.4,-3.5,0.0799999997,inferred_assumed
0.4,-2,0.0798797249,inferred_assumed
0.4,-1,0.066940359,inferred_assumed
0.4,-0.5,0.0378429625,inferred_assumed
0.4,-0.4,0.0314775472,inferred_assumed
0.4,-0.3,0.0258692923,inferred_assumed
0.4,-0.25,0.0234926688,inferred_assumed
0.4,-0.2,0.0214707497,inferred_assumed
0.4,-0.15,0.0198482591,inferred_assumed
0.4,-0.1,0.0186618723,inferred_assumed
0.4,-0.05,0.0179388379,inferred_assumed
0.4,0,0.0176959374,inferred_assumed
0.4,0.05,0.0179388379,inferred_assumed
0.4,0.1,0.0186618723,inferred_assumed
0.4,0.15,0.0198482591,inferred_assumed
0.4,0.2,0.0214707497,inferred_assumed
0.4,0.25,0.0234926688,inferred_assumed
0.4,0.3,0.0258692923,inferred_assumed
0.4,0.4,0.0314775472,inferred_assumed
0.4,0.5,0.0378429625,inferred_assumed
0.4,1,0.066940359,inferred_assumed
0.4,2,0.0798797249,inferred_assumed
0.4,3.5,0.0799999997,inferred_assumed
0.5,-3.5,0.0799999997,inferred_assumed
0.5,-2,0.0798955032,inferred_assumed
0.5,-1,0.0686535873,inferred_assumed
0.5,-0.5,0.0433733311,inferred_assumed
0.5,-0.4,0.0378429625,inferred_assumed
0.5,-0.3,0.0329704262,inferred_assumed
0.5,-0.25,0.0309055799,inferred_assumed
0.5,-0.2,0.0291489061,inferred_assumed
0.5,-0.15,0.0277392618,inferred_assumed
0.5,-0.1,0.0267085111,inferred_assumed
0.5,-0.05,0.0260803279,inferred_assumed
0.5,0,0.0258692923,inferred_assumed
0.5,0.05,0.0260803279,inferred_assumed
0.5,0.1,0.0267085111,inferred_assumed
0.5,0.15,0.0277392618,inferred_assumed
0.5,0.2,0.0291489061,inferred_assumed
0.5,0.25,0.0309055799,inferred_assumed
0.5,0.3,0.0329704262,inferred_assumed
0.5,0.4,0.0378429625,inferred_assumed
0.5,0.5,0.0433733311,inferred_assumed
0.5,1,0.0686535873,inferred_assumed
0.5,2,0.0798955032,inferred_assumed
0.5,3.5,0.0799999997,inferred_assumed
1,-3.5,0.0799999999,inferred_assumed
1,-2,0.0799676284,inferred_assumed
1,-1,0.0764850453,inferred_assumed
1,-0.5,0.0686535873,inferred_assumed
1,-0.4,0.066940359,inferred_assumed
1,-0.3,0.0654309177,inferred_assumed
1,-0.25,0.0647912581,inferred_assumed
1,-0.2,0.064247066,inferred_assumed
1,-0.15,0.0638103786,inferred_assumed
1,-0.1,0.0634910669,inferred_assumed
1,-0.05,0.0632964648,inferred_assumed
1,0,0.063231089,inferred_assumed
1,0.05,0.0632964648,inferred_assumed
1,0.1,0.0634910669,inferred_assumed
1,0.15,0.0638103786,inferred_assumed
1,0.2,0.064247066,inferred_assumed
1,0.25,0.0647912581,inferred_assumed
1,0.3,0.0654309177,inferred_assumed
1,0.4,0.066940359,inferred_assumed
1,0.5,0.0686535873,inferred_assumed
1,1,0.0764850453,inferred_assumed
1,2,0.0799676284,inferred_assumed
1,3.5,0.0799999999,inferred_assumed
2,-3.5,0.08,inferred_assumed
2,-2,0.0799997019,inferred_assumed
2,-1,0.0799676284,inferred_assumed
2,-0.5,0.0798955032,inferred_assumed
2,-0.4,0.0798797249,inferred_assumed
2,-0.3,0.0798658234,inferred_assumed
2,-0.25,0.0798599323,inferred_assumed
2,-0.2,0.0798549205,inferred_assumed
2,-0.15,0.0798508987,inferred_assumed
2,-0.1,0.079847958,inferred_assumed
2,-0.05,0.0798461658,inferred_assumed
2,0,0.0798455637,inferred_assumed
2,0.05,0.0798461658,inferred_assumed
2,0.1,0.079847958,inferred_assumed
2,0.15,0.0798508987,inferred_assumed
2,0.2,0.0798549205,inferred_assumed
2,0.25,0.0798599323,inferred_assumed
2,0.3,0.0798658234,inferred_assumed
2,0.4,0.0798797249,inferred_assumed
2,0.5,0.0798955032,inferred_assumed
2,1,0.0799676284,inferred_assumed
2,2,0.0799997019,inferred_assumed
2,3.5,0.08,inferred_assumed
5,-3.5,0.08,inferred_assumed
5,-2,0.08,inferred_assumed
5,-1,0.08,inferred_assumed
5,-0.5,0.08,inferred_assumed
5,-0.4,0.08,inferred_assumed
5,-0.3,0.08,inferred_assumed
5,-0.25,0.08,inferred_assumed
5,-0.2,0.08,inferred_assumed
5,-0.15,0.08,inferred_assumed
5,-0.1,0.08,inferred_assumed
5,-0.05,0.08,inferred_assumed
5,0,0.08,inferred_assumed
5,0.05,0.08,inferred_assumed
5,0.1,0.08,inferred_assumed
5,0.15,0.08,inferred_assumed
5,0.2,0.08,inferred_assumed
5,0.25,0.08,inferred_assumed
5,0.3,0.08,inferred_assumed
5,0.4,0.08,inferred_assumed
5,0.5,0.08,inferred_assumed
5,1,0.08,inferred_assumed
5,2,0.08,inferred_assumed
5,3.5,0.08,inferred_assumed
10,-3.5,0.08,inferred_assumed
10,-2,0.08,inferred_assumed
10,-1,0.08,inferred_assumed
10,-0.5,0.08,inferred_assumed
10,-0.4,0.08,inferred_assumed
10,-0.3,0.08,inferred_assumed
10,-0.25,0.08,inferred_assumed
10,-0.2,0.08,inferred_assumed
10,-0.15,0.08,inferred_assumed
10,-0.1,0.08,inferred_assumed
10,-0.05,0.08,inferred_assumed
10,0,0.08,inferred_assumed
10,0.05,0.08,inferred_assumed
10,0.1,0.08,inferred_assumed
10,0.15,0.08,inferred_assumed
10,0.2,0.08,inferred_assumed
10,0.25,0.08,inferred_assumed
10,0.3,0.08,inferred_assumed
10,0.4,0.08,inferred_assumed
10,0.5,0.08,inferred_assumed
10,1,0.08,inferred_assumed
10,2,0.08,inferred_assumed
10,3.5,0.08,inferred_assumed
17.5,-3.5,0.08,inferred_assumed
17.5,-2,0.08,inferred_assumed
17.5,-1,0.08,inferred_assumed
17.5,-0.5,0.08,inferred_assumed
17.5,-0.4,0.08,inferred_assumed
17.5,-0.3,0.08,inferred_assumed
17.5,-0.25,0.08,inferred_assumed
17.5,-0.2,0.08,inferred_assumed
17.5,-0.15,0.08,inferred_assumed
17.5,-0.1,0.08,inferred_assumed
17.5,-0.05,0.08,inferred_assumed
17.5,0,0.08,inferred_assumed
17.5,0.05,0.08,inferred_assumed
17.5,0.1,0.08,inferred_assumed
17.5,0.15,0.08,inferred_assumed
17.5,0.2,0.08,inferred_assumed
17.5,0.25,0.08,inferred_assumed
17.5,0.3,0.08,inferred_assumed
17.5,0.4,0.08,inferred_assumed
17.5,0.5,0.08,inferred_assumed
17.5,1,0.08,inferred_assumed
17.5,2,0.08,inferred_assumed
17.5,3.5,0.08,inferred_assumed
