state_index,transport_interval_index,stage_id,face,source_class,component,scanned_cells,mismatch_count,nonfinite_count,max_abs_error,first_bad_i,first_bad_j,first_bad_k,requested,applied
0,-1,initial_u0,zhigh,active_slot,u,960,0,0,0,not_applicable,not_applicable,not_applicable,not_applicable,not_applicable
0,-1,initial_u0,zhigh,active_slot,v,960,0,0,0,not_applicable,not_applicable,not_applicable,not_applicable,not_applicable
0,-1,initial_u0,zhigh,active_slot,w,960,0,0,0,not_applicable,not_applicable,not_applicable,not_applicable,not_applicable
0,-1,initial_u0,zhigh,inactive_slot,u,0,0,0,0,not_applicable,not_applicable,not_applicable,not_applicable,not_applicable
0,-1,initial_u0,zhigh,inactive_slot,v,0,0,0,0,not_applicable,not_applicable,not_applicable,not_applicable,not_applicable
0,-1,initial_u0,zhigh,inactive_slot,w,0,0,0,0,not_applicable,not_applicable,not_applicable,not_applicable,not_applicable
0,-1,initial_u0,zhigh,top_offmask,u,12972,0,0,0,not_applicable,not_applicable,not_applicable,not_applicable,not_applicable
0,-1,initial_u0,zhigh,top_offmask,v,12972,0,0,0,not_applicable,not_applicable,not_applicable,not_applicable,not_applicable
0,-1,initial_u0,zhigh,top_offmask,w,12972,0,0,0,not_applicable,not_applicable,not_applicable,not_applicable,not_applicable
0,-1,initial_u0,zlow,bottom_return,u,13932,0,0,0,not_applicable,not_applicable,not_applicable,not_applicable,not_applicable
0,-1,initial_u0,zlow,bottom_return,v,13932,0,0,0,not_applicable,not_applicable,not_applicable,not_applicable,not_applicable
0,-1,initial_u0,zlow,bottom_return,w,13932,0,0,0,not_applicable,not_applicable,not_applicable,not_applicable,not_applicable
0,0,pre_vof,zhigh,active_slot,u,960,0,0,0,not_applicable,not_applicable,not_applicable,not_applicable,not_applicable
0,0,pre_vof,zhigh,active_slot,v,960,0,0,0,not_applicable,not_applicable,not_applicable,not_applicable,not_applicable
0,0,pre_vof,zhigh,active_slot,w,960,0,0,0,not_applicable,not_applicable,not_applicable,not_applicable,not_applicable
0,0,pre_vof,zhigh,inactive_slot,u,0,0,0,0,not_applicable,not_applicable,not_applicable,not_applicable,not_applicable
0,0,pre_vof,zhigh,inactive_slot,v,0,0,0,0,not_applicable,not_applicable,not_applicable,not_applicable,not_applicable
0,0,pre_vof,zhigh,inactive_slot,w,0,0,0,0,not_applicable,not_applicable,not_applicable,not_applicable,not_applicable
0,0,pre_vof,zhigh,top_offmask,u,12972,0,0,0,not_applicable,not_applicable,not_applicable,not_applicable,not_applicable
0,0,pre_vof,zhigh,top_offmask,v,12972,0,0,0,not_applicable,not_applicable,not_applicable,not_applicable,not_applicable
0,0,pre_vof,zhigh,top_offmask,w,12972,0,0,0,not_applicable,not_applicable,not_applicable,not_applicable,not_applicable
0,0,pre_vof,zlow,bottom_return,u,13932,0,0,0,not_applicable,not_applicable,not_applicable,not_applicable,not_applicable
0,0,pre_vof,zlow,bottom_return,v,13932,0,0,0,not_applicable,not_applicable,not_applicable,not_applicable,not_applicable
0,0,pre_vof,zlow,bottom_return,w,13932,0,0,0,not_applicable,not_applicable,not_applicable,not_applicable,not_applicable
1,0,projection_override,zhigh,active_slot,u,960,0,0,0,not_applicable,not_applicable,not_applicable,not_applicable,not_applicable
1,0,projection_override,zhigh,active_slot,v,960,0,0,0,not_applicable,not_applicable,not_applicable,not_applicable,not_applicable
1,0,projection_override,zhigh,active_slot,w,960,0,0,0,not_applicable,not_applicable,not_applicable,not_applicable,not_applicable
1,0,projection_override,zhigh,inactive_slot,u,0,0,0,0,not_applicable,not_applicable,not_applicable,not_applicable,not_applicable
1,0,projection_override,zhigh,inactive_slot,v,0,0,0,0,not_applicable,not_applicable,not_applicable,not_applicable,not_applicable
1,0,projection_override,zhigh,inactive_slot,w,0,0,0,0,not_applicable,not_applicable,not_applicable,not_applicable,not_applicable
1,0,projection_override,zhigh,top_offmask,u,12972,0,0,0,not_applicable,not_applicable,not_applicable,not_applicable,not_applicable
1,0,projection_override,zhigh,top_offmask,v,12972,0,0,0,not_applicable,not_applicable,not_applicable,not_applicable,not_applicable
1,0,projection_override,zhigh,top_offmask,w,12972,0,0,0,not_applicable,not_applicable,not_applicable,not_applicable,not_applicable
1,0,projection_override,zlow,bottom_return,u,13932,0,0,0,not_applicable,not_applicable,not_applicable,not_applicable,not_applicable
1,0,projection_override,zlow,bottom_return,v,13932,0,0,0,not_applicable,not_applicable,not_applicable,not_applicable,not_applicable
1,0,projection_override,zlow,bottom_return,w,13932,0,0,0,not_applicable,not_applicable,not_applicable,not_applicable,not_applicable
1,0,corrected_endpoint,zhigh,active_slot,u,960,0,0,0,not_applicable,not_applicable,not_applicable,not_applicable,not_applicable
1,0,corrected_endpoint,zhigh,active_slot,v,960,0,0,0,not_applicable,not_applicable,not_applicable,not_applicable,not_applicable
1,0,corrected_endpoint,zhigh,active_slot,w,960,0,0,0,not_applicable,not_applicable,not_applicable,not_applicable,not_applicable
1,0,corrected_endpoint,zhigh,inactive_slot,u,0,0,0,0,not_applicable,not_applicable,not_applicable,not_applicable,not_applicable
1,0,corrected_endpoint,zhigh,inactive_slot,v,0,0,0,0,not_applicable,not_applicable,not_applicable,not_applicable,not_applicable
1,0,corrected_endpoint,zhigh,inactive_slot,w,0,0,0,0,not_applicable,not_applicable,not_applicable,not_applicable,not_applicable
1,0,corrected_endpoint,zhigh,top_offmask,u,12972,0,0,0,not_applicable,not_applicable,not_applicable,not_applicable,not_applicable
1,0,corrected_endpoint,zhigh,top_offmask,v,12972,0,0,0,not_applicable,not_applicable,not_applicable,not_applicable,not_applicable
1,0,corrected_endpoint,zhigh,top_offmask,w,12972,0,0,0,not_applicable,not_applicable,not_applicable,not_applicable,not_applicable
1,0,corrected_endpoint,zlow,bottom_return,u,13932,0,0,0,not_applicable,not_applicable,not_applicable,not_applicable,not_applicable
1,0,corrected_endpoint,zlow,bottom_return,v,13932,0,0,0,not_applicable,not_applicable,not_applicable,not_applicable,not_applicable
1,0,corrected_endpoint,zlow,bottom_return,w,13932,0,0,0,not_applicable,not_applicable,not_applicable,not_applicable,not_applicable
1,1,pre_vof,zhigh,active_slot,u,960,0,0,0,not_applicable,not_applicable,not_applicable,not_applicable,not_applicable
1,1,pre_vof,zhigh,active_slot,v,960,0,0,0,not_applicable,not_applicable,not_applicable,not_applicable,not_applicable
1,1,pre_vof,zhigh,active_slot,w,960,0,0,0,not_applicable,not_applicable,not_applicable,not_applicable,not_applicable
1,1,pre_vof,zhigh,inactive_slot,u,0,0,0,0,not_applicable,not_applicable,not_applicable,not_applicable,not_applicable
1,1,pre_vof,zhigh,inactive_slot,v,0,0,0,0,not_applicable,not_applicable,not_applicable,not_applicable,not_applicable
1,1,pre_vof,zhigh,inactive_slot,w,0,0,0,0,not_applicable,not_applicable,not_applicable,not_applicable,not_applicable
1,1,pre_vof,zhigh,top_offmask,u,12972,0,0,0,not_applicable,not_applicable,not_applicable,not_applicable,not_applicable
1,1,pre_vof,zhigh,top_offmask,v,12972,0,0,0,not_applicable,not_applicable,not_applicable,not_applicable,not_applicable
1,1,pre_vof,zhigh,top_offmask,w,12972,0,0,0,not_applicable,not_applicable,not_applicable,not_applicable,not_applicable
1,1,pre_vof,zlow,bottom_return,u,13932,0,0,0,not_applicable,not_applicable,not_applicable,not_applicable,not_applicable
1,1,pre_vof,zlow,bottom_return,v,13932,0,0,0,not_applicable,not_applicable,not_applicable,not_applicable,not_applicable
1,1,pre_vof,zlow,bottom_return,w,13932,0,0,0,not_applicable,not_applicable,not_applicable,not_applicable,not_applicable
2,1,projection_override,zhigh,active_slot,u,960,0,0,0,not_applicable,not_applicable,not_applicable,not_applicable,not_applicable
2,1,projection_override,zhigh,active_slot,v,960,0,0,0,not_applicable,not_applicable,not_applicable,not_applicable,not_applicable
2,1,projection_override,zhigh,active_slot,w,960,0,0,0,not_applicable,not_applicable,not_applicable,not_applicable,not_applicable
2,1,projection_override,zhigh,inactive_slot,u,0,0,0,0,not_applicable,not_applicable,not_applicable,not_applicable,not_applicable
2,1,projection_override,zhigh,inactive_slot,v,0,0,0,0,not_applicable,not_applicable,not_applicable,not_applicable,not_applicable
2,1,projection_override,zhigh,inactive_slot,w,0,0,0,0,not_applicable,not_applicable,not_applicable,not_applicable,not_applicable
2,1,projection_override,zhigh,top_offmask,u,12972,0,0,0,not_applicable,not_applicable,not_applicable,not_applicable,not_applicable
2,1,projection_override,zhigh,top_offmask,v,12972,0,0,0,not_applicable,not_applicable,not_applicable,not_applicable,not_applicable
2,1,projection_override,zhigh,top_offmask,w,12972,0,0,0,not_applicable,not_applicable,not_applicable,not_applicable,not_applicable
2,1,projection_override,zlow,bottom_return,u,13932,0,0,0,not_applicable,not_applicable,not_applicable,not_applicable,not_applicable
2,1,projection_override,zlow,bottom_return,v,13932,0,0,0,not_applicable,not_applicable,not_applicable,not_applicable,not_applicable
2,1,projection_override,zlow,bottom_return,w,13932,0,0,0,not_applicable,not_applicable,not_applicable,not_applicable,not_applicable
2,1,corrected_endpoint,zhigh,active_slot,u,960,0,0,0,not_applicable,not_applicable,not_applicable,not_applicable,not_applicable
2,1,corrected_endpoint,zhigh,active_slot,v,960,0,0,0,not_applicable,not_applicable,not_applicable,not_applicable,not_applicable
2,1,corrected_endpoint,zhigh,active_slot,w,960,0,0,0,not_applicable,not_applicable,not_applicable,not_applicable,not_applicable
2,1,corrected_endpoint,zhigh,inactive_slot,u,0,0,0,0,not_applicable,not_applicable,not_applicable,not_applicable,not_applicable
2,1,corrected_endpoint,zhigh,inactive_slot,v,0,0,0,0,not_applicable,not_applicable,not_applicable,not_applicable,not_applicable
2,1,corrected_endpoint,zhigh,inactive_slot,w,0,0,0,0,not_applicable,not_applicable,not_applicable,not_applicable,not_applicable
2,1,corrected_endpoint,zhigh,top_offmask,u,12972,0,0,0,not_applicable,not_applicable,not_applicable,not_applicable,not_applicable
2,1,corrected_endpoint,zhigh,top_offmask,v,12972,0,0,0,not_applicable,not_applicable,not_applicable,not_applicable,not_applicable
2,1,corrected_endpoint,zhigh,top_offmask,w,12972,0,0,0,not_applicable,not_applicable,not_applicable,not_applicable,not_applicable
2,1,corrected_endpoint,zlow,bottom_return,u,13932,0,0,0,not_applicable,not_applicable,not_applicable,not_applicable,not_applicable
2,1,corrected_endpoint,zlow,bottom_return,v,13932,0,0,0,not_applicable,not_applicable,not_applicable,not_applicable,not_applicable
2,1,corrected_endpoint,zlow,bottom_return,w,13932,0,0,0,not_applicable,not_applicable,not_applicable,not_applicable,not_applicable
2,2,pre_vof,zhigh,active_slot,u,960,0,0,0,not_applicable,not_applicable,not_applicable,not_applicable,not_applicable
2,2,pre_vof,zhigh,active_slot,v,960,0,0,0,not_applicable,not_applicable,not_applicable,not_applicable,not_applicable
2,2,pre_vof,zhigh,active_slot,w,960,0,0,0,not_applicable,not_applicable,not_applicable,not_applicable,not_applicable
2,2,pre_vof,zhigh,inactive_slot,u,0,0,0,0,not_applicable,not_applicable,not_applicable,not_applicable,not_applicable
2,2,pre_vof,zhigh,inactive_slot,v,0,0,0,0,not_applicable,not_applicable,not_applicable,not_applicable,not_applicable
2,2,pre_vof,zhigh,inactive_slot,w,0,0,0,0,not_applicable,not_applicable,not_applicable,not_applicable,not_applicable
2,2,pre_vof,zhigh,top_offmask,u,12972,0,0,0,not_applicable,not_applicable,not_applicable,not_applicable,not_applicable
2,2,pre_vof,zhigh,top_offmask,v,12972,0,0,0,not_applicable,not_applicable,not_applicable,not_applicable,not_applicable
2,2,pre_vof,zhigh,top_offmask,w,12972,0,0,0,not_applicable,not_applicable,not_applicable,not_applicable,not_applicable
2,2,pre_vof,zlow,bottom_return,u,13932,0,0,0,not_applicable,not_applicable,not_applicable,not_applicable,not_applicable
2,2,pre_vof,zlow,bottom_return,v,13932,0,0,0,not_applicable,not_applicable,not_applicable,not_applicable,not_applicable
2,2,pre_vof,zlow,bottom_return,w,13932,0,0,0,not_applicable,not_applicable,not_applicable,not_applicable,not_applicable
3,2,projection_override,zhigh,active_slot,u,960,0,0,0,not_applicable,not_applicable,not_applicable,not_applicable,not_applicable
3,2,projection_override,zhigh,active_slot,v,960,0,0,0,not_applicable,not_applicable,not_applicable,not_applicable,not_applicable
3,2,projection_override,zhigh,active_slot,w,960,0,0,0,not_applicable,not_applicable,not_applicable,not_applicable,not_applicable
3,2,projection_override,zhigh,inactive_slot,u,0,0,0,0,not_applicable,not_applicable,not_applicable,not_applicable,not_applicable
3,2,projection_override,zhigh,inactive_slot,v,0,0,0,0,not_applicable,not_applicable,not_applicable,not_applicable,not_applicable
3,2,projection_override,zhigh,inactive_slot,w,0,0,0,0,not_applicable,not_applicable,not_applicable,not_applicable,not_applicable
3,2,projection_override,zhigh,top_offmask,u,12972,0,0,0,not_applicable,not_applicable,not_applicable,not_applicable,not_applicable
3,2,projection_override,zhigh,top_offmask,v,12972,0,0,0,not_applicable,not_applicable,not_applicable,not_applicable,not_applicable
3,2,projection_override,zhigh,top_offmask,w,12972,0,0,0,not_applicable,not_applicable,not_applicable,not_applicable,not_applicable
3,2,projection_override,zlow,bottom_return,u,13932,0,0,0,not_applicable,not_applicable,not_applicable,not_applicable,not_applicable
3,2,projection_override,zlow,bottom_return,v,13932,0,0,0,not_applicable,not_applicable,not_applicable,not_applicable,not_applicable
3,2,projection_override,zlow,bottom_return,w,13932,0,0,0,not_applicable,not_applicable,not_applicable,not_applicable,not_applicable
3,2,corrected_endpoint,zhigh,active_slot,u,960,0,0,0,not_applicable,not_applicable,not_applicable,not_applicable,not_applicable
3,2,corrected_endpoint,zhigh,active_slot,v,960,0,0,0,not_applicable,not_applicable,not_applicable,not_applicable,not_applicable
3,2,corrected_endpoint,zhigh,active_slot,w,960,0,0,0,not_applicable,not_applicable,not_applicable,not_applicable,not_applicable
3,2,corrected_endpoint,zhigh,inactive_slot,u,0,0,0,0,not_applicable,not_applicable,not_applicable,not_applicable,not_applicable
3,2,corrected_endpoint,zhigh,inactive_slot,v,0,0,0,0,not_applicable,not_applicable,not_applicable,not_applicable,not_applicable
3,2,corrected_endpoint,zhigh,inactive_slot,w,0,0,0,0,not_applicable,not_applicable,not_applicable,not_applicable,not_applicable
3,2,corrected_endpoint,zhigh,top_offmask,u,12972,0,0,0,not_applicable,not_applicable,not_applicable,not_applicable,not_applicable
3,2,corrected_endpoint,zhigh,top_offmask,v,12972,0,0,0,not_applicable,not_applicable,not_applicable,not_applicable,not_applicable
3,2,corrected_endpoint,zhigh,top_offmask,w,12972,0,0,0,not_applicable,not_applicable,not_applicable,not_applicable,not_applicable
3,2,corrected_endpoint,zlow,bottom_return,u,13932,0,0,0,not_applicable,not_applicable,not_applicable,not_applicable,not_applicable
3,2,corrected_endpoint,zlow,bottom_return,v,13932,0,0,0,not_applicable,not_applicable,not_applicable,not_applicable,not_applicable
3,2,corrected_endpoint,zlow,bottom_return,w,13932,0,0,0,not_applicable,not_applicable,not_applicable,not_applicable,not_applicable
3,3,pre_vof,zhigh,active_slot,u,960,0,0,0,not_applicable,not_applicable,not_applicable,not_applicable,not_applicable
3,3,pre_vof,zhigh,active_slot,v,960,0,0,0,not_applicable,not_applicable,not_applicable,not_applicable,not_applicable
3,3,pre_vof,zhigh,active_slot,w,960,0,0,0,not_applicable,not_applicable,not_applicable,not_applicable,not_applicable
3,3,pre_vof,zhigh,inactive_slot,u,0,0,0,0,not_applicable,not_applicable,not_applicable,not_applicable,not_applicable
3,3,pre_vof,zhigh,inactive_slot,v,0,0,0,0,not_applicable,not_applicable,not_applicable,not_applicable,not_applicable
3,3,pre_vof,zhigh,inactive_slot,w,0,0,0,0,not_applicable,not_applicable,not_applicable,not_applicable,not_applicable
3,3,pre_vof,zhigh,top_offmask,u,12972,0,0,0,not_applicable,not_applicable,not_applicable,not_applicable,not_applicable
3,3,pre_vof,zhigh,top_offmask,v,12972,0,0,0,not_applicable,not_applicable,not_applicable,not_applicable,not_applicable
3,3,pre_vof,zhigh,top_offmask,w,12972,0,0,0,not_applicable,not_applicable,not_applicable,not_applicable,not_applicable
3,3,pre_vof,zlow,bottom_return,u,13932,0,0,0,not_applicable,not_applicable,not_applicable,not_applicable,not_applicable
3,3,pre_vof,zlow,bottom_return,v,13932,0,0,0,not_applicable,not_applicable,not_applicable,not_applicable,not_applicable
3,3,pre_vof,zlow,bottom_return,w,13932,0,0,0,not_applicable,not_applicable,not_applicable,not_applicable,not_applicable
4,3,projection_override,zhigh,active_slot,u,960,0,0,0,not_applicable,not_applicable,not_applicable,not_applicable,not_applicable
4,3,projection_override,zhigh,active_slot,v,960,0,0,0,not_applicable,not_applicable,not_applicable,not_applicable,not_applicable
4,3,projection_override,zhigh,active_slot,w,960,0,0,0,not_applicable,not_applicable,not_applicable,not_applicable,not_applicable
4,3,projection_override,zhigh,inactive_slot,u,0,0,0,0,not_applicable,not_applicable,not_applicable,not_applicable,not_applicable
4,3,projection_override,zhigh,inactive_slot,v,0,0,0,0,not_applicable,not_applicable,not_applicable,not_applicable,not_applicable
4,3,projection_override,zhigh,inactive_slot,w,0,0,0,0,not_applicable,not_applicable,not_applicable,not_applicable,not_applicable
4,3,projection_override,zhigh,top_offmask,u,12972,0,0,0,not_applicable,not_applicable,not_applicable,not_applicable,not_applicable
4,3,projection_override,zhigh,top_offmask,v,12972,0,0,0,not_applicable,not_applicable,not_applicable,not_applicable,not_applicable
4,3,projection_override,zhigh,top_offmask,w,12972,0,0,0,not_applicable,not_applicable,not_applicable,not_applicable,not_applicable
4,3,projection_override,zlow,bottom_return,u,13932,0,0,0,not_applicable,not_applicable,not_applicable,not_applicable,not_applicable
4,3,projection_override,zlow,bottom_return,v,13932,0,0,0,not_applicable,not_applicable,not_applicable,not_applicable,not_applicable
4,3,projection_override,zlow,bottom_return,w,13932,0,0,0,not_applicable,not_applicable,not_applicable,not_applicable,not_applicable
4,3,corrected_endpoint,zhigh,active_slot,u,960,0,0,0,not_applicable,not_applicable,not_applicable,not_applicable,not_applicable
4,3,corrected_endpoint,zhigh,active_slot,v,960,0,0,0,not_applicable,not_applicable,not_applicable,not_applicable,not_applicable
4,3,corrected_endpoint,zhigh,active_slot,w,960,0,0,0,not_applicable,not_applicable,not_applicable,not_applicable,not_applicable
4,3,corrected_endpoint,zhigh,inactive_slot,u,0,0,0,0,not_applicable,not_applicable,not_applicable,not_applicable,not_applicable
4,3,corrected_endpoint,zhigh,inactive_slot,v,0,0,0,0,not_applicable,not_applicable,not_applicable,not_applicable,not_applicable
4,3,corrected_endpoint,zhigh,inactive_slot,w,0,0,0,0,not_applicable,not_applicable,not_applicable,not_applicable,not_applicable
4,3,corrected_endpoint,zhigh,top_offmask,u,12972,0,0,0,not_applicable,not_applicable,not_applicable,not_applicable,not_applicable
4,3,corrected_endpoint,zhigh,top_offmask,v,12972,0,0,0,not_applicable,not_applicable,not_applicable,not_applicable,not_applicable
4,3,corrected_endpoint,zhigh,top_offmask,w,12972,0,0,0,not_applicable,not_applicable,not_applicable,not_applicable,not_applicable
4,3,corrected_endpoint,zlow,bottom_return,u,13932,0,0,0,not_applicable,not_applicable,not_applicable,not_applicable,not_applicable
4,3,corrected_endpoint,zlow,bottom_return,v,13932,0,0,0,not_applicable,not_applicable,not_applicable,not_applicable,not_applicable
4,3,corrected_endpoint,zlow,bottom_return,w,13932,0,0,0,not_applicable,not_applicable,not_applicable,not_applicable,not_applicable
4,4,pre_vof,zhigh,active_slot,u,960,0,0,0,not_applicable,not_applicable,not_applicable,not_applicable,not_applicable
4,4,pre_vof,zhigh,active_slot,v,960,0,0,0,not_applicable,not_applicable,not_applicable,not_applicable,not_applicable
4,4,pre_vof,zhigh,active_slot,w,960,0,0,0,not_applicable,not_applicable,not_applicable,not_applicable,not_applicable
4,4,pre_vof,zhigh,inactive_slot,u,0,0,0,0,not_applicable,not_applicable,not_applicable,not_applicable,not_applicable
4,4,pre_vof,zhigh,inactive_slot,v,0,0,0,0,not_applicable,not_applicable,not_applicable,not_applicable,not_applicable
4,4,pre_vof,zhigh,inactive_slot,w,0,0,0,0,not_applicable,not_applicable,not_applicable,not_applicable,not_applicable
4,4,pre_vof,zhigh,top_offmask,u,12972,0,0,0,not_applicable,not_applicable,not_applicable,not_applicable,not_applicable
4,4,pre_vof,zhigh,top_offmask,v,12972,0,0,0,not_applicable,not_applicable,not_applicable,not_applicable,not_applicable
4,4,pre_vof,zhigh,top_offmask,w,12972,0,0,0,not_applicable,not_applicable,not_applicable,not_applicable,not_applicable
4,4,pre_vof,zlow,bottom_return,u,13932,0,0,0,not_applicable,not_applicable,not_applicable,not_applicable,not_applicable
4,4,pre_vof,zlow,bottom_return,v,13932,0,0,0,not_applicable,not_applicable,not_applicable,not_applicable,not_applicable
4,4,pre_vof,zlow,bottom_return,w,13932,0,0,0,not_applicable,not_applicable,not_applicable,not_applicable,not_applicable
5,4,projection_override,zhigh,active_slot,u,960,0,0,0,not_applicable,not_applicable,not_applicable,not_applicable,not_applicable
5,4,projection_override,zhigh,active_slot,v,960,0,0,0,not_applicable,not_applicable,not_applicable,not_applicable,not_applicable
5,4,projection_override,zhigh,active_slot,w,960,0,0,0,not_applicable,not_applicable,not_applicable,not_applicable,not_applicable
5,4,projection_override,zhigh,inactive_slot,u,0,0,0,0,not_applicable,not_applicable,not_applicable,not_applicable,not_applicable
5,4,projection_override,zhigh,inactive_slot,v,0,0,0,0,not_applicable,not_applicable,not_applicable,not_applicable,not_applicable
5,4,projection_override,zhigh,inactive_slot,w,0,0,0,0,not_applicable,not_applicable,not_applicable,not_applicable,not_applicable
5,4,projection_override,zhigh,top_offmask,u,12972,0,0,0,not_applicable,not_applicable,not_applicable,not_applicable,not_applicable
5,4,projection_override,zhigh,top_offmask,v,12972,0,0,0,not_applicable,not_applicable,not_applicable,not_applicable,not_applicable
5,4,projection_override,zhigh,top_offmask,w,12972,0,0,0,not_applicable,not_applicable,not_applicable,not_applicable,not_applicable
5,4,projection_override,zlow,bottom_return,u,13932,0,0,0,not_applicable,not_applicable,not_applicable,not_applicable,not_applicable
5,4,projection_override,zlow,bottom_return,v,13932,0,0,0,not_applicable,not_applicable,not_applicable,not_applicable,not_applicable
5,4,projection_override,zlow,bottom_return,w,13932,0,0,0,not_applicable,not_applicable,not_applicable,not_applicable,not_applicable
5,4,corrected_endpoint,zhigh,active_slot,u,960,0,0,0,not_applicable,not_applicable,not_applicable,not_applicable,not_applicable
5,4,corrected_endpoint,zhigh,active_slot,v,960,0,0,0,not_applicable,not_applicable,not_applicable,not_applicable,not_applicable
5,4,corrected_endpoint,zhigh,active_slot,w,960,0,0,0,not_applicable,not_applicable,not_applicable,not_applicable,not_applicable
5,4,corrected_endpoint,zhigh,inactive_slot,u,0,0,0,0,not_applicable,not_applicable,not_applicable,not_applicable,not_applicable
5,4,corrected_endpoint,zhigh,inactive_slot,v,0,0,0,0,not_applicable,not_applicable,not_applicable,not_applicable,not_applicable
5,4,corrected_endpoint,zhigh,inactive_slot,w,0,0,0,0,not_applicable,not_applicable,not_applicable,not_applicable,not_applicable
5,4,corrected_endpoint,zhigh,top_offmask,u,12972,0,0,0,not_applicable,not_applicable,not_applicable,not_applicable,not_applicable
5,4,corrected_endpoint,zhigh,top_offmask,v,12972,0,0,0,not_applicable,not_applicable,not_applicable,not_applicable,not_applicable
5,4,corrected_endpoint,zhigh,top_offmask,w,12972,0,0,0,not_applicable,not_applicable,not_applicable,not_applicable,not_applicable
5,4,corrected_endpoint,zlow,bottom_return,u,13932,0,0,0,not_applicable,not_applicable,not_applicable,not_applicable,not_applicable
5,4,corrected_endpoint,zlow,bottom_return,v,13932,0,0,0,not_applicable,not_applicable,not_applicable,not_applicable,not_applicable
5,4,corrected_endpoint,zlow,bottom_return,w,13932,0,0,0,not_applicable,not_applicable,not_applicable,not_applicable,not_applicable
5,5,pre_vof,zhigh,active_slot,u,960,0,0,0,not_applicable,not_applicable,not_applicable,not_applicable,not_applicable
5,5,pre_vof,zhigh,active_slot,v,960,0,0,0,not_applicable,not_applicable,not_applicable,not_applicable,not_applicable
5,5,pre_vof,zhigh,active_slot,w,960,0,0,0,not_applicable,not_applicable,not_applicable,not_applicable,not_applicable
5,5,pre_vof,zhigh,inactive_slot,u,0,0,0,0,not_applicable,not_applicable,not_applicable,not_applicable,not_applicable
5,5,pre_vof,zhigh,inactive_slot,v,0,0,0,0,not_applicable,not_applicable,not_applicable,not_applicable,not_applicable
5,5,pre_vof,zhigh,inactive_slot,w,0,0,0,0,not_applicable,not_applicable,not_applicable,not_applicable,not_applicable
5,5,pre_vof,zhigh,top_offmask,u,12972,0,0,0,not_applicable,not_applicable,not_applicable,not_applicable,not_applicable
5,5,pre_vof,zhigh,top_offmask,v,12972,0,0,0,not_applicable,not_applicable,not_applicable,not_applicable,not_applicable
5,5,pre_vof,zhigh,top_offmask,w,12972,0,0,0,not_applicable,not_applicable,not_applicable,not_applicable,not_applicable
5,5,pre_vof,zlow,bottom_return,u,13932,0,0,0,not_applicable,not_applicable,not_applicable,not_applicable,not_applicable
5,5,pre_vof,zlow,bottom_return,v,13932,0,0,0,not_applicable,not_applicable,not_applicable,not_applicable,not_applicable
5,5,pre_vof,zlow,bottom_return,w,13932,0,0,0,not_applicable,not_applicable,not_applicable,not_applicable,not_applicable
6,5,projection_override,zhigh,active_slot,u,960,0,0,0,not_applicable,not_applicable,not_applicable,not_applicable,not_applicable
6,5,projection_override,zhigh,active_slot,v,960,0,0,0,not_applicable,not_applicable,not_applicable,not_applicable,not_applicable
6,5,projection_override,zhigh,active_slot,w,960,0,0,0,not_applicable,not_applicable,not_applicable,not_applicable,not_applicable
6,5,projection_override,zhigh,inactive_slot,u,0,0,0,0,not_applicable,not_applicable,not_applicable,not_applicable,not_applicable
6,5,projection_override,zhigh,inactive_slot,v,0,0,0,0,not_applicable,not_applicable,not_applicable,not_applicable,not_applicable
6,5,projection_override,zhigh,inactive_slot,w,0,0,0,0,not_applicable,not_applicable,not_applicable,not_applicable,not_applicable
6,5,projection_override,zhigh,top_offmask,u,12972,0,0,0,not_applicable,not_applicable,not_applicable,not_applicable,not_applicable
6,5,projection_override,zhigh,top_offmask,v,12972,0,0,0,not_applicable,not_applicable,not_applicable,not_applicable,not_applicable
6,5,projection_override,zhigh,top_offmask,w,12972,0,0,0,not_applicable,not_applicable,not_applicable,not_applicable,not_applicable
6,5,projection_override,zlow,bottom_return,u,13932,0,0,0,not_applicable,not_applicable,not_applicable,not_applicable,not_applicable
6,5,projection_override,zlow,bottom_return,v,13932,0,0,0,not_applicable,not_applicable,not_applicable,not_applicable,not_applicable
6,5,projection_override,zlow,bottom_return,w,13932,0,0,0,not_applicable,not_applicable,not_applicable,not_applicable,not_applicable
6,5,corrected_endpoint,zhigh,active_slot,u,960,0,0,0,not_applicable,not_applicable,not_applicable,not_applicable,not_applicable
6,5,corrected_endpoint,zhigh,active_slot,v,960,0,0,0,not_applicable,not_applicable,not_applicable,not_applicable,not_applicable
6,5,corrected_endpoint,zhigh,active_slot,w,960,0,0,0,not_applicable,not_applicable,not_applicable,not_applicable,not_applicable
6,5,corrected_endpoint,zhigh,inactive_slot,u,0,0,0,0,not_applicable,not_applicable,not_applicable,not_applicable,not_applicable
6,5,corrected_endpoint,zhigh,inactive_slot,v,0,0,0,0,not_applicable,not_applicable,not_applicable,not_applicable,not_applicable
6,5,corrected_endpoint,zhigh,inactive_slot,w,0,0,0,0,not_applicable,not_applicable,not_applicable,not_applicable,not_applicable
6,5,corrected_endpoint,zhigh,top_offmask,u,12972,0,0,0,not_applicable,not_applicable,not_applicable,not_applicable,not_applicable
6,5,corrected_endpoint,zhigh,top_offmask,v,12972,0,0,0,not_applicable,not_applicable,not_applicable,not_applicable,not_applicable
6,5,corrected_endpoint,zhigh,top_offmask,w,12972,0,0,0,not_applicable,not_applicable,not_applicable,not_applicable,not_applicable
6,5,corrected_endpoint,zlow,bottom_return,u,13932,0,0,0,not_applicable,not_applicable,not_applicable,not_applicable,not_applicable
6,5,corrected_endpoint,zlow,bottom_return,v,13932,0,0,0,not_applicable,not_applicable,not_applicable,not_applicable,not_applicable
6,5,corrected_endpoint,zlow,bottom_return,w,13932,0,0,0,not_applicable,not_applicable,not_applicable,not_applicable,not_applicable
6,6,pre_vof,zhigh,active_slot,u,960,0,0,0,not_applicable,not_applicable,not_applicable,not_applicable,not_applicable
6,6,pre_vof,zhigh,active_slot,v,960,0,0,0,not_applicable,not_applicable,not_applicable,not_applicable,not_applicable
6,6,pre_vof,zhigh,active_slot,w,960,0,0,0,not_applicable,not_applicable,not_applicable,not_applicable,not_applicable
6,6,pre_vof,zhigh,inactive_slot,u,0,0,0,0,not_applicable,not_applicable,not_applicable,not_applicable,not_applicable
6,6,pre_vof,zhigh,inactive_slot,v,0,0,0,0,not_applicable,not_applicable,not_applicable,not_applicable,not_applicable
6,6,pre_vof,zhigh,inactive_slot,w,0,0,0,0,not_applicable,not_applicable,not_applicable,not_applicable,not_applicable
6,6,pre_vof,zhigh,top_offmask,u,12972,0,0,0,not_applicable,not_applicable,not_applicable,not_applicable,not_applicable
6,6,pre_vof,zhigh,top_offmask,v,12972,0,0,0,not_applicable,not_applicable,not_applicable,not_applicable,not_applicable
6,6,pre_vof,zhigh,top_offmask,w,12972,0,0,0,not_applicable,not_applicable,not_applicable,not_applicable,not_applicable
6,6,pre_vof,zlow,bottom_return,u,13932,0,0,0,not_applicable,not_applicable,not_applicable,not_applicable,not_applicable
6,6,pre_vof,zlow,bottom_return,v,13932,0,0,0,not_applicable,not_applicable,not_applicable,not_applicable,not_applicable
6,6,pre_vof,zlow,bottom_return,w,13932,0,0,0,not_applicable,not_applicable,not_applicable,not_applicable,not_applicable
7,6,projection_override,zhigh,active_slot,u,960,0,0,0,not_applicable,not_applicable,not_applicable,not_applicable,not_applicable
7,6,projection_override,zhigh,active_slot,v,960,0,0,0,not_applicable,not_applicable,not_applicable,not_applicable,not_applicable
7,6,projection_override,zhigh,active_slot,w,960,0,0,0,not_applicable,not_applicable,not_applicable,not_applicable,not_applicable
7,6,projection_override,zhigh,inactive_slot,u,0,0,0,0,not_applicable,not_applicable,not_applicable,not_applicable,not_applicable
7,6,projection_override,zhigh,inactive_slot,v,0,0,0,0,not_applicable,not_applicable,not_applicable,not_applicable,not_applicable
7,6,projection_override,zhigh,inactive_slot,w,0,0,0,0,not_applicable,not_applicable,not_applicable,not_applicable,not_applicable
7,6,projection_override,zhigh,top_offmask,u,12972,0,0,0,not_applicable,not_applicable,not_applicable,not_applicable,not_applicable
7,6,projection_override,zhigh,top_offmask,v,12972,0,0,0,not_applicable,not_applicable,not_applicable,not_applicable,not_applicable
7,6,projection_override,zhigh,top_offmask,w,12972,0,0,0,not_applicable,not_applicable,not_applicable,not_applicable,not_applicable
7,6,projection_override,zlow,bottom_return,u,13932,0,0,0,not_applicable,not_applicable,not_applicable,not_applicable,not_applicable
7,6,projection_override,zlow,bottom_return,v,13932,0,0,0,not_applicable,not_applicable,not_applicable,not_applicable,not_applicable
7,6,projection_override,zlow,bottom_return,w,13932,0,0,0,not_applicable,not_applicable,not_applicable,not_applicable,not_applicable
7,6,corrected_endpoint,zhigh,active_slot,u,960,0,0,0,not_applicable,not_applicable,not_applicable,not_applicable,not_applicable
7,6,corrected_endpoint,zhigh,active_slot,v,960,0,0,0,not_applicable,not_applicable,not_applicable,not_applicable,not_applicable
7,6,corrected_endpoint,zhigh,active_slot,w,960,0,0,0,not_applicable,not_applicable,not_applicable,not_applicable,not_applicable
7,6,corrected_endpoint,zhigh,inactive_slot,u,0,0,0,0,not_applicable,not_applicable,not_applicable,not_applicable,not_applicable
7,6,corrected_endpoint,zhigh,inactive_slot,v,0,0,0,0,not_applicable,not_applicable,not_applicable,not_applicable,not_applicable
7,6,corrected_endpoint,zhigh,inactive_slot,w,0,0,0,0,not_applicable,not_applicable,not_applicable,not_applicable,not_applicable
7,6,corrected_endpoint,zhigh,top_offmask,u,12972,0,0,0,not_applicable,not_applicable,not_applicable,not_applicable,not_applicable
7,6,corrected_endpoint,zhigh,top_offmask,v,12972,0,0,0,not_applicable,not_applicable,not_applicable,not_applicable,not_applicable
7,6,corrected_endpoint,zhigh,top_offmask,w,12972,0,0,0,not_applicable,not_applicable,not_applicable,not_applicable,not_applicable
7,6,corrected_endpoint,zlow,bottom_return,u,13932,0,0,0,not_applicable,not_applicable,not_applicable,not_applicable,not_applicable
7,6,corrected_endpoint,zlow,bottom_return,v,13932,0,0,0,not_applicable,not_applicable,not_applicable,not_applicable,not_applicable
7,6,corrected_endpoint,zlow,bottom_return,w,13932,0,0,0,not_applicable,not_applicable,not_applicable,not_applicable,not_applicable
7,7,pre_vof,zhigh,active_slot,u,960,0,0,0,not_applicable,not_applicable,not_applicable,not_applicable,not_applicable
7,7,pre_vof,zhigh,active_slot,v,960,0,0,0,not_applicable,not_applicable,not_applicable,not_applicable,not_applicable
7,7,pre_vof,zhigh,active_slot,w,960,0,0,0,not_applicable,not_applicable,not_applicable,not_applicable,not_applicable
7,7,pre_vof,zhigh,inactive_slot,u,0,0,0,0,not_applicable,not_applicable,not_applicable,not_applicable,not_applicable
7,7,pre_vof,zhigh,inactive_slot,v,0,0,0,0,not_applicable,not_applicable,not_applicable,not_applicable,not_applicable
7,7,pre_vof,zhigh,inactive_slot,w,0,0,0,0,not_applicable,not_applicable,not_applicable,not_applicable,not_applicable
7,7,pre_vof,zhigh,top_offmask,u,12972,0,0,0,not_applicable,not_applicable,not_applicable,not_applicable,not_applicable
7,7,pre_vof,zhigh,top_offmask,v,12972,0,0,0,not_applicable,not_applicable,not_applicable,not_applicable,not_applicable
7,7,pre_vof,zhigh,top_offmask,w,12972,0,0,0,not_applicable,not_applicable,not_applicable,not_applicable,not_applicable
7,7,pre_vof,zlow,bottom_return,u,13932,0,0,0,not_applicable,not_applicable,not_applicable,not_applicable,not_applicable
7,7,pre_vof,zlow,bottom_return,v,13932,0,0,0,not_applicable,not_applicable,not_applicable,not_applicable,not_applicable
7,7,pre_vof,zlow,bottom_return,w,13932,0,0,0,not_applicable,not_applicable,not_applicable,not_applicable,not_applicable
8,7,projection_override,zhigh,active_slot,u,960,0,0,0,not_applicable,not_applicable,not_applicable,not_applicable,not_applicable
8,7,projection_override,zhigh,active_slot,v,960,0,0,0,not_applicable,not_applicable,not_applicable,not_applicable,not_applicable
8,7,projection_override,zhigh,active_slot,w,960,0,0,0,not_applicable,not_applicable,not_applicable,not_applicable,not_applicable
8,7,projection_override,zhigh,inactive_slot,u,0,0,0,0,not_applicable,not_applicable,not_applicable,not_applicable,not_applicable
8,7,projection_override,zhigh,inactive_slot,v,0,0,0,0,not_applicable,not_applicable,not_applicable,not_applicable,not_applicable
8,7,projection_override,zhigh,inactive_slot,w,0,0,0,0,not_applicable,not_applicable,not_applicable,not_applicable,not_applicable
8,7,projection_override,zhigh,top_offmask,u,12972,0,0,0,not_applicable,not_applicable,not_applicable,not_applicable,not_applicable
8,7,projection_override,zhigh,top_offmask,v,12972,0,0,0,not_applicable,not_applicable,not_applicable,not_applicable,not_applicable
8,7,projection_override,zhigh,top_offmask,w,12972,0,0,0,not_applicable,not_applicable,not_applicable,not_applicable,not_applicable
8,7,projection_override,zlow,bottom_return,u,13932,0,0,0,not_applicable,not_applicable,not_applicable,not_applicable,not_applicable
8,7,projection_override,zlow,bottom_return,v,13932,0,0,0,not_applicable,not_applicable,not_applicable,not_applicable,not_applicable
8,7,projection_override,zlow,bottom_return,w,13932,0,0,0,not_applicable,not_applicable,not_applicable,not_applicable,not_applicable
8,7,corrected_endpoint,zhigh,active_slot,u,960,0,0,0,not_applicable,not_applicable,not_applicable,not_applicable,not_applicable
8,7,corrected_endpoint,zhigh,active_slot,v,960,0,0,0,not_applicable,not_applicable,not_applicable,not_applicable,not_applicable
8,7,corrected_endpoint,zhigh,active_slot,w,960,0,0,0,not_applicable,not_applicable,not_applicable,not_applicable,not_applicable
8,7,corrected_endpoint,zhigh,inactive_slot,u,0,0,0,0,not_applicable,not_applicable,not_applicable,not_applicable,not_applicable
8,7,corrected_endpoint,zhigh,inactive_slot,v,0,0,0,0,not_applicable,not_applicable,not_applicable,not_applicable,not_applicable
8,7,corrected_endpoint,zhigh,inactive_slot,w,0,0,0,0,not_applicable,not_applicable,not_applicable,not_applicable,not_applicable
8,7,corrected_endpoint,zhigh,top_offmask,u,12972,0,0,0,not_applicable,not_applicable,not_applicable,not_applicable,not_applicable
8,7,corrected_endpoint,zhigh,top_offmask,v,12972,0,0,0,not_applicable,not_applicable,not_applicable,not_applicable,not_applicable
8,7,corrected_endpoint,zhigh,top_offmask,w,12972,0,0,0,not_applicable,not_applicable,not_applicable,not_applicable,not_applicable
8,7,corrected_endpoint,zlow,bottom_return,u,13932,0,0,0,not_applicable,not_applicable,not_applicable,not_applicable,not_applicable
8,7,corrected_endpoint,zlow,bottom_return,v,13932,0,0,0,not_applicable,not_applicable,not_applicable,not_applicable,not_applicable
8,7,corrected_endpoint,zlow,bottom_return,w,13932,0,0,0,not_applicable,not_applicable,not_applicable,not_applicable,not_applicable
8,8,pre_vof,zhigh,active_slot,u,960,0,0,0,not_applicable,not_applicable,not_applicable,not_applicable,not_applicable
8,8,pre_vof,zhigh,active_slot,v,960,0,0,0,not_applicable,not_applicable,not_applicable,not_applicable,not_applicable
8,8,pre_vof,zhigh,active_slot,w,960,0,0,0,not_applicable,not_applicable,not_applicable,not_applicable,not_applicable
8,8,pre_vof,zhigh,inactive_slot,u,0,0,0,0,not_applicable,not_applicable,not_applicable,not_applicable,not_applicable
8,8,pre_vof,zhigh,inactive_slot,v,0,0,0,0,not_applicable,not_applicable,not_applicable,not_applicable,not_applicable
8,8,pre_vof,zhigh,inactive_slot,w,0,0,0,0,not_applicable,not_applicable,not_applicable,not_applicable,not_applicable
8,8,pre_vof,zhigh,top_offmask,u,12972,0,0,0,not_applicable,not_applicable,not_applicable,not_applicable,not_applicable
8,8,pre_vof,zhigh,top_offmask,v,12972,0,0,0,not_applicable,not_applicable,not_applicable,not_applicable,not_applicable
8,8,pre_vof,zhigh,top_offmask,w,12972,0,0,0,not_applicable,not_applicable,not_applicable,not_applicable,not_applicable
8,8,pre_vof,zlow,bottom_return,u,13932,0,0,0,not_applicable,not_applicable,not_applicable,not_applicable,not_applicable
8,8,pre_vof,zlow,bottom_return,v,13932,0,0,0,not_applicable,not_applicable,not_applicable,not_applicable,not_applicable
8,8,pre_vof,zlow,bottom_return,w,13932,0,0,0,not_applicable,not_applicable,not_applicable,not_applicable,not_applicable
9,8,projection_override,zhigh,active_slot,u,960,0,0,0,not_applicable,not_applicable,not_applicable,not_applicable,not_applicable
9,8,projection_override,zhigh,active_slot,v,960,0,0,0,not_applicable,not_applicable,not_applicable,not_applicable,not_applicable
9,8,projection_override,zhigh,active_slot,w,960,0,0,0,not_applicable,not_applicable,not_applicable,not_applicable,not_applicable
9,8,projection_override,zhigh,inactive_slot,u,0,0,0,0,not_applicable,not_applicable,not_applicable,not_applicable,not_applicable
9,8,projection_override,zhigh,inactive_slot,v,0,0,0,0,not_applicable,not_applicable,not_applicable,not_applicable,not_applicable
9,8,projection_override,zhigh,inactive_slot,w,0,0,0,0,not_applicable,not_applicable,not_applicable,not_applicable,not_applicable
9,8,projection_override,zhigh,top_offmask,u,12972,0,0,0,not_applicable,not_applicable,not_applicable,not_applicable,not_applicable
9,8,projection_override,zhigh,top_offmask,v,12972,0,0,0,not_applicable,not_applicable,not_applicable,not_applicable,not_applicable
9,8,projection_override,zhigh,top_offmask,w,12972,0,0,0,not_applicable,not_applicable,not_applicable,not_applicable,not_applicable
9,8,projection_override,zlow,bottom_return,u,13932,0,0,0,not_applicable,not_applicable,not_applicable,not_applicable,not_applicable
9,8,projection_override,zlow,bottom_return,v,13932,0,0,0,not_applicable,not_applicable,not_applicable,not_applicable,not_applicable
9,8,projection_override,zlow,bottom_return,w,13932,0,0,0,not_applicable,not_applicable,not_applicable,not_applicable,not_applicable
9,8,corrected_endpoint,zhigh,active_slot,u,960,0,0,0,not_applicable,not_applicable,not_applicable,not_applicable,not_applicable
9,8,corrected_endpoint,zhigh,active_slot,v,960,0,0,0,not_applicable,not_applicable,not_applicable,not_applicable,not_applicable
9,8,corrected_endpoint,zhigh,active_slot,w,960,0,0,0,not_applicable,not_applicable,not_applicable,not_applicable,not_applicable
9,8,corrected_endpoint,zhigh,inactive_slot,u,0,0,0,0,not_applicable,not_applicable,not_applicable,not_applicable,not_applicable
9,8,corrected_endpoint,zhigh,inactive_slot,v,0,0,0,0,not_applicable,not_applicable,not_applicable,not_applicable,not_applicable
9,8,corrected_endpoint,zhigh,inactive_slot,w,0,0,0,0,not_applicable,not_applicable,not_applicable,not_applicable,not_applicable
9,8,corrected_endpoint,zhigh,top_offmask,u,12972,0,0,0,not_applicable,not_applicable,not_applicable,not_applicable,not_applicable
9,8,corrected_endpoint,zhigh,top_offmask,v,12972,0,0,0,not_applicable,not_applicable,not_applicable,not_applicable,not_applicable
9,8,corrected_endpoint,zhigh,top_offmask,w,12972,0,0,0,not_applicable,not_applicable,not_applicable,not_applicable,not_applicable
9,8,corrected_endpoint,zlow,bottom_return,u,13932,0,0,0,not_applicable,not_applicable,not_applicable,not_applicable,not_applicable
9,8,corrected_endpoint,zlow,bottom_return,v,13932,0,0,0,not_applicable,not_applicable,not_applicable,not_applicable,not_applicable
9,8,corrected_endpoint,zlow,bottom_return,w,13932,0,0,0,not_applicable,not_applicable,not_applicable,not_applicable,not_applicable
9,9,pre_vof,zhigh,active_slot,u,960,0,0,0,not_applicable,not_applicable,not_applicable,not_applicable,not_applicable
9,9,pre_vof,zhigh,active_slot,v,960,0,0,0,not_applicable,not_applicable,not_applicable,not_applicable,not_applicable
9,9,pre_vof,zhigh,active_slot,w,960,0,0,0,not_applicable,not_applicable,not_applicable,not_applicable,not_applicable
9,9,pre_vof,zhigh,inactive_slot,u,0,0,0,0,not_applicable,not_applicable,not_applicable,not_applicable,not_applicable
9,9,pre_vof,zhigh,inactive_slot,v,0,0,0,0,not_applicable,not_applicable,not_applicable,not_applicable,not_applicable
9,9,pre_vof,zhigh,inactive_slot,w,0,0,0,0,not_applicable,not_applicable,not_applicable,not_applicable,not_applicable
9,9,pre_vof,zhigh,top_offmask,u,12972,0,0,0,not_applicable,not_applicable,not_applicable,not_applicable,not_applicable
9,9,pre_vof,zhigh,top_offmask,v,12972,0,0,0,not_applicable,not_applicable,not_applicable,not_applicable,not_applicable
9,9,pre_vof,zhigh,top_offmask,w,12972,0,0,0,not_applicable,not_applicable,not_applicable,not_applicable,not_applicable
9,9,pre_vof,zlow,bottom_return,u,13932,0,0,0,not_applicable,not_applicable,not_applicable,not_applicable,not_applicable
9,9,pre_vof,zlow,bottom_return,v,13932,0,0,0,not_applicable,not_applicable,not_applicable,not_applicable,not_applicable
9,9,pre_vof,zlow,bottom_return,w,13932,0,0,0,not_applicable,not_applicable,not_applicable,not_applicable,not_applicable
10,9,projection_override,zhigh,active_slot,u,960,0,0,0,not_applicable,not_applicable,not_applicable,not_applicable,not_applicable
10,9,projection_override,zhigh,active_slot,v,960,0,0,0,not_applicable,not_applicable,not_applicable,not_applicable,not_applicable
10,9,projection_override,zhigh,active_slot,w,960,0,0,0,not_applicable,not_applicable,not_applicable,not_applicable,not_applicable
10,9,projection_override,zhigh,inactive_slot,u,0,0,0,0,not_applicable,not_applicable,not_applicable,not_applicable,not_applicable
10,9,projection_override,zhigh,inactive_slot,v,0,0,0,0,not_applicable,not_applicable,not_applicable,not_applicable,not_applicable
10,9,projection_override,zhigh,inactive_slot,w,0,0,0,0,not_applicable,not_applicable,not_applicable,not_applicable,not_applicable
10,9,projection_override,zhigh,top_offmask,u,12972,0,0,0,not_applicable,not_applicable,not_applicable,not_applicable,not_applicable
10,9,projection_override,zhigh,top_offmask,v,12972,0,0,0,not_applicable,not_applicable,not_applicable,not_applicable,not_applicable
10,9,projection_override,zhigh,top_offmask,w,12972,0,0,0,not_applicable,not_applicable,not_applicable,not_applicable,not_applicable
10,9,projection_override,zlow,bottom_return,u,13932,0,0,0,not_applicable,not_applicable,not_applicable,not_applicable,not_applicable
10,9,projection_override,zlow,bottom_return,v,13932,0,0,0,not_applicable,not_applicable,not_applicable,not_applicable,not_applicable
10,9,projection_override,zlow,bottom_return,w,13932,0,0,0,not_applicable,not_applicable,not_applicable,not_applicable,not_applicable
10,9,corrected_endpoint,zhigh,active_slot,u,960,0,0,0,not_applicable,not_applicable,not_applicable,not_applicable,not_applicable
10,9,corrected_endpoint,zhigh,active_slot,v,960,0,0,0,not_applicable,not_applicable,not_applicable,not_applicable,not_applicable
10,9,corrected_endpoint,zhigh,active_slot,w,960,0,0,0,not_applicable,not_applicable,not_applicable,not_applicable,not_applicable
10,9,corrected_endpoint,zhigh,inactive_slot,u,0,0,0,0,not_applicable,not_applicable,not_applicable,not_applicable,not_applicable
10,9,corrected_endpoint,zhigh,inactive_slot,v,0,0,0,0,not_applicable,not_applicable,not_applicable,not_applicable,not_applicable
10,9,corrected_endpoint,zhigh,inactive_slot,w,0,0,0,0,not_applicable,not_applicable,not_applicable,not_applicable,not_applicable
10,9,corrected_endpoint,zhigh,top_offmask,u,12972,0,0,0,not_applicable,not_applicable,not_applicable,not_applicable,not_applicable
10,9,corrected_endpoint,zhigh,top_offmask,v,12972,0,0,0,not_applicable,not_applicable,not_applicable,not_applicable,not_applicable
10,9,corrected_endpoint,zhigh,top_offmask,w,12972,0,0,0,not_applicable,not_applicable,not_applicable,not_applicable,not_applicable
10,9,corrected_endpoint,zlow,bottom_return,u,13932,0,0,0,not_applicable,not_applicable,not_applicable,not_applicable,not_applicable
10,9,corrected_endpoint,zlow,bottom_return,v,13932,0,0,0,not_applicable,not_applicable,not_applicable,not_applicable,not_applicable
10,9,corrected_endpoint,zlow,bottom_return,w,13932,0,0,0,not_applicable,not_applicable,not_applicable,not_applicable,not_applicable
10,10,pre_vof,zhigh,active_slot,u,960,0,0,0,not_applicable,not_applicable,not_applicable,not_applicable,not_applicable
10,10,pre_vof,zhigh,active_slot,v,960,0,0,0,not_applicable,not_applicable,not_applicable,not_applicable,not_applicable
10,10,pre_vof,zhigh,active_slot,w,960,0,0,0,not_applicable,not_applicable,not_applicable,not_applicable,not_applicable
10,10,pre_vof,zhigh,inactive_slot,u,0,0,0,0,not_applicable,not_applicable,not_applicable,not_applicable,not_applicable
10,10,pre_vof,zhigh,inactive_slot,v,0,0,0,0,not_applicable,not_applicable,not_applicable,not_applicable,not_applicable
10,10,pre_vof,zhigh,inactive_slot,w,0,0,0,0,not_applicable,not_applicable,not_applicable,not_applicable,not_applicable
10,10,pre_vof,zhigh,top_offmask,u,12972,0,0,0,not_applicable,not_applicable,not_applicable,not_applicable,not_applicable
10,10,pre_vof,zhigh,top_offmask,v,12972,0,0,0,not_applicable,not_applicable,not_applicable,not_applicable,not_applicable
10,10,pre_vof,zhigh,top_offmask,w,12972,0,0,0,not_applicable,not_applicable,not_applicable,not_applicable,not_applicable
10,10,pre_vof,zlow,bottom_return,u,13932,0,0,0,not_applicable,not_applicable,not_applicable,not_applicable,not_applicable
10,10,pre_vof,zlow,bottom_return,v,13932,0,0,0,not_applicable,not_applicable,not_applicable,not_applicable,not_applicable
10,10,pre_vof,zlow,bottom_return,w,13932,0,0,0,not_applicable,not_applicable,not_applicable,not_applicable,not_applicable
11,10,projection_override,zhigh,active_slot,u,960,0,0,0,not_applicable,not_applicable,not_applicable,not_applicable,not_applicable
11,10,projection_override,zhigh,active_slot,v,960,0,0,0,not_applicable,not_applicable,not_applicable,not_applicable,not_applicable
11,10,projection_override,zhigh,active_slot,w,960,0,0,0,not_applicable,not_applicable,not_applicable,not_applicable,not_applicable
11,10,projection_override,zhigh,inactive_slot,u,0,0,0,0,not_applicable,not_applicable,not_applicable,not_applicable,not_applicable
11,10,projection_override,zhigh,inactive_slot,v,0,0,0,0,not_applicable,not_applicable,not_applicable,not_applicable,not_applicable
11,10,projection_override,zhigh,inactive_slot,w,0,0,0,0,not_applicable,not_applicable,not_applicable,not_applicable,not_applicable
11,10,projection_override,zhigh,top_offmask,u,12972,0,0,0,not_applicable,not_applicable,not_applicable,not_applicable,not_applicable
11,10,projection_override,zhigh,top_offmask,v,12972,0,0,0,not_applicable,not_applicable,not_applicable,not_applicable,not_applicable
11,10,projection_override,zhigh,top_offmask,w,12972,0,0,0,not_applicable,not_applicable,not_applicable,not_applicable,not_applicable
11,10,projection_override,zlow,bottom_return,u,13932,0,0,0,not_applicable,not_applicable,not_applicable,not_applicable,not_applicable
11,10,projection_override,zlow,bottom_return,v,13932,0,0,0,not_applicable,not_applicable,not_applicable,not_applicable,not_applicable
11,10,projection_override,zlow,bottom_return,w,13932,0,0,0,not_applicable,not_applicable,not_applicable,not_applicable,not_applicable
11,10,corrected_endpoint,zhigh,active_slot,u,960,0,0,0,not_applicable,not_applicable,not_applicable,not_applicable,not_applicable
11,10,corrected_endpoint,zhigh,active_slot,v,960,0,0,0,not_applicable,not_applicable,not_applicable,not_applicable,not_applicable
11,10,corrected_endpoint,zhigh,active_slot,w,960,0,0,0,not_applicable,not_applicable,not_applicable,not_applicable,not_applicable
11,10,corrected_endpoint,zhigh,inactive_slot,u,0,0,0,0,not_applicable,not_applicable,not_applicable,not_applicable,not_applicable
11,10,corrected_endpoint,zhigh,inactive_slot,v,0,0,0,0,not_applicable,not_applicable,not_applicable,not_applicable,not_applicable
11,10,corrected_endpoint,zhigh,inactive_slot,w,0,0,0,0,not_applicable,not_applicable,not_applicable,not_applicable,not_applicable
11,10,corrected_endpoint,zhigh,top_offmask,u,12972,0,0,0,not_applicable,not_applicable,not_applicable,not_applicable,not_applicable
11,10,corrected_endpoint,zhigh,top_offmask,v,12972,0,0,0,not_applicable,not_applicable,not_applicable,not_applicable,not_applicable
11,10,corrected_endpoint,zhigh,top_offmask,w,12972,0,0,0,not_applicable,not_applicable,not_applicable,not_applicable,not_applicable
11,10,corrected_endpoint,zlow,bottom_return,u,13932,0,0,0,not_applicable,not_applicable,not_applicable,not_applicable,not_applicable
11,10,corrected_endpoint,zlow,bottom_return,v,13932,0,0,0,not_applicable,not_applicable,not_applicable,not_applicable,not_applicable
11,10,corrected_endpoint,zlow,bottom_return,w,13932,0,0,0,not_applicable,not_applicable,not_applicable,not_applicable,not_applicable
11,11,pre_vof,zhigh,active_slot,u,960,0,0,0,not_applicable,not_applicable,not_applicable,not_applicable,not_applicable
11,11,pre_vof,zhigh,active_slot,v,960,0,0,0,not_applicable,not_applicable,not_applicable,not_applicable,not_applicable
11,11,pre_vof,zhigh,active_slot,w,960,0,0,0,not_applicable,not_applicable,not_applicable,not_applicable,not_applicable
11,11,pre_vof,zhigh,inactive_slot,u,0,0,0,0,not_applicable,not_applicable,not_applicable,not_applicable,not_applicable
11,11,pre_vof,zhigh,inactive_slot,v,0,0,0,0,not_applicable,not_applicable,not_applicable,not_applicable,not_applicable
11,11,pre_vof,zhigh,inactive_slot,w,0,0,0,0,not_applicable,not_applicable,not_applicable,not_applicable,not_applicable
11,11,pre_vof,zhigh,top_offmask,u,12972,0,0,0,not_applicable,not_applicable,not_applicable,not_applicable,not_applicable
11,11,pre_vof,zhigh,top_offmask,v,12972,0,0,0,not_applicable,not_applicable,not_applicable,not_applicable,not_applicable
11,11,pre_vof,zhigh,top_offmask,w,12972,0,0,0,not_applicable,not_applicable,not_applicable,not_applicable,not_applicable
11,11,pre_vof,zlow,bottom_return,u,13932,0,0,0,not_applicable,not_applicable,not_applicable,not_applicable,not_applicable
11,11,pre_vof,zlow,bottom_return,v,13932,0,0,0,not_applicable,not_applicable,not_applicable,not_applicable,not_applicable
11,11,pre_vof,zlow,bottom_return,w,13932,0,0,0,not_applicable,not_applicable,not_applicable,not_applicable,not_applicable
12,11,projection_override,zhigh,active_slot,u,960,0,0,0,not_applicable,not_applicable,not_applicable,not_applicable,not_applicable
12,11,projection_override,zhigh,active_slot,v,960,0,0,0,not_applicable,not_applicable,not_applicable,not_applicable,not_applicable
12,11,projection_override,zhigh,active_slot,w,960,0,0,0,not_applicable,not_applicable,not_applicable,not_applicable,not_applicable
12,11,projection_override,zhigh,inactive_slot,u,0,0,0,0,not_applicable,not_applicable,not_applicable,not_applicable,not_applicable
12,11,projection_override,zhigh,inactive_slot,v,0,0,0,0,not_applicable,not_applicable,not_applicable,not_applicable,not_applicable
12,11,projection_override,zhigh,inactive_slot,w,0,0,0,0,not_applicable,not_applicable,not_applicable,not_applicable,not_applicable
12,11,projection_override,zhigh,top_offmask,u,12972,0,0,0,not_applicable,not_applicable,not_applicable,not_applicable,not_applicable
12,11,projection_override,zhigh,top_offmask,v,12972,0,0,0,not_applicable,not_applicable,not_applicable,not_applicable,not_applicable
12,11,projection_override,zhigh,top_offmask,w,12972,0,0,0,not_applicable,not_applicable,not_applicable,not_applicable,not_applicable
12,11,projection_override,zlow,bottom_return,u,13932,0,0,0,not_applicable,not_applicable,not_applicable,not_applicable,not_applicable
12,11,projection_override,zlow,bottom_return,v,13932,0,0,0,not_applicable,not_applicable,not_applicable,not_applicable,not_applicable
12,11,projection_override,zlow,bottom_return,w,13932,0,0,0,not_applicable,not_applicable,not_applicable,not_applicable,not_applicable
12,11,corrected_endpoint,zhigh,active_slot,u,960,0,0,0,not_applicable,not_applicable,not_applicable,not_applicable,not_applicable
12,11,corrected_endpoint,zhigh,active_slot,v,960,0,0,0,not_applicable,not_applicable,not_applicable,not_applicable,not_applicable
12,11,corrected_endpoint,zhigh,active_slot,w,960,0,0,0,not_applicable,not_applicable,not_applicable,not_applicable,not_applicable
12,11,corrected_endpoint,zhigh,inactive_slot,u,0,0,0,0,not_applicable,not_applicable,not_applicable,not_applicable,not_applicable
12,11,corrected_endpoint,zhigh,inactive_slot,v,0,0,0,0,not_applicable,not_applicable,not_applicable,not_applicable,not_applicable
12,11,corrected_endpoint,zhigh,inactive_slot,w,0,0,0,0,not_applicable,not_applicable,not_applicable,not_applicable,not_applicable
12,11,corrected_endpoint,zhigh,top_offmask,u,12972,0,0,0,not_applicable,not_applicable,not_applicable,not_applicable,not_applicable
12,11,corrected_endpoint,zhigh,top_offmask,v,12972,0,0,0,not_applicable,not_applicable,not_applicable,not_applicable,not_applicable
12,11,corrected_endpoint,zhigh,top_offmask,w,12972,0,0,0,not_applicable,not_applicable,not_applicable,not_applicable,not_applicable
12,11,corrected_endpoint,zlow,bottom_return,u,13932,0,0,0,not_applicable,not_applicable,not_applicable,not_applicable,not_applicable
12,11,corrected_endpoint,zlow,bottom_return,v,13932,0,0,0,not_applicable,not_applicable,not_applicable,not_applicable,not_applicable
12,11,corrected_endpoint,zlow,bottom_return,w,13932,0,0,0,not_applicable,not_applicable,not_applicable,not_applicable,not_applicable
12,12,pre_vof,zhigh,active_slot,u,960,0,0,0,not_applicable,not_applicable,not_applicable,not_applicable,not_applicable
12,12,pre_vof,zhigh,active_slot,v,960,0,0,0,not_applicable,not_applicable,not_applicable,not_applicable,not_applicable
12,12,pre_vof,zhigh,active_slot,w,960,0,0,0,not_applicable,not_applicable,not_applicable,not_applicable,not_applicable
12,12,pre_vof,zhigh,inactive_slot,u,0,0,0,0,not_applicable,not_applicable,not_applicable,not_applicable,not_applicable
12,12,pre_vof,zhigh,inactive_slot,v,0,0,0,0,not_applicable,not_applicable,not_applicable,not_applicable,not_applicable
12,12,pre_vof,zhigh,inactive_slot,w,0,0,0,0,not_applicable,not_applicable,not_applicable,not_applicable,not_applicable
12,12,pre_vof,zhigh,top_offmask,u,12972,0,0,0,not_applicable,not_applicable,not_applicable,not_applicable,not_applicable
12,12,pre_vof,zhigh,top_offmask,v,12972,0,0,0,not_applicable,not_applicable,not_applicable,not_applicable,not_applicable
12,12,pre_vof,zhigh,top_offmask,w,12972,0,0,0,not_applicable,not_applicable,not_applicable,not_applicable,not_applicable
12,12,pre_vof,zlow,bottom_return,u,13932,0,0,0,not_applicable,not_applicable,not_applicable,not_applicable,not_applicable
12,12,pre_vof,zlow,bottom_return,v,13932,0,0,0,not_applicable,not_applicable,not_applicable,not_applicable,not_applicable
12,12,pre_vof,zlow,bottom_return,w,13932,0,0,0,not_applicable,not_applicable,not_applicable,not_applicable,not_applicable
13,12,projection_override,zhigh,active_slot,u,960,0,0,0,not_applicable,not_applicable,not_applicable,not_applicable,not_applicable
13,12,projection_override,zhigh,active_slot,v,960,0,0,0,not_applicable,not_applicable,not_applicable,not_applicable,not_applicable
13,12,projection_override,zhigh,active_slot,w,960,0,0,0,not_applicable,not_applicable,not_applicable,not_applicable,not_applicable
13,12,projection_override,zhigh,inactive_slot,u,0,0,0,0,not_applicable,not_applicable,not_applicable,not_applicable,not_applicable
13,12,projection_override,zhigh,inactive_slot,v,0,0,0,0,not_applicable,not_applicable,not_applicable,not_applicable,not_applicable
13,12,projection_override,zhigh,inactive_slot,w,0,0,0,0,not_applicable,not_applicable,not_applicable,not_applicable,not_applicable
13,12,projection_override,zhigh,top_offmask,u,12972,0,0,0,not_applicable,not_applicable,not_applicable,not_applicable,not_applicable
13,12,projection_override,zhigh,top_offmask,v,12972,0,0,0,not_applicable,not_applicable,not_applicable,not_applicable,not_applicable
13,12,projection_override,zhigh,top_offmask,w,12972,0,0,0,not_applicable,not_applicable,not_applicable,not_applicable,not_applicable
13,12,projection_override,zlow,bottom_return,u,13932,0,0,0,not_applicable,not_applicable,not_applicable,not_applicable,not_applicable
13,12,projection_override,zlow,bottom_return,v,13932,0,0,0,not_applicable,not_applicable,not_applicable,not_applicable,not_applicable
13,12,projection_override,zlow,bottom_return,w,13932,0,0,0,not_applicable,not_applicable,not_applicable,not_applicable,not_applicable
13,12,corrected_endpoint,zhigh,active_slot,u,960,0,0,0,not_applicable,not_applicable,not_applicable,not_applicable,not_applicable
13,12,corrected_endpoint,zhigh,active_slot,v,960,0,0,0,not_applicable,not_applicable,not_applicable,not_applicable,not_applicable
13,12,corrected_endpoint,zhigh,active_slot,w,960,0,0,0,not_applicable,not_applicable,not_applicable,not_applicable,not_applicable
13,12,corrected_endpoint,zhigh,inactive_slot,u,0,0,0,0,not_applicable,not_applicable,not_applicable,not_applicable,not_applicable
13,12,corrected_endpoint,zhigh,inactive_slot,v,0,0,0,0,not_applicable,not_applicable,not_applicable,not_applicable,not_applicable
13,12,corrected_endpoint,zhigh,inactive_slot,w,0,0,0,0,not_applicable,not_applicable,not_applicable,not_applicable,not_applicable
13,12,corrected_endpoint,zhigh,top_offmask,u,12972,0,0,0,not_applicable,not_applicable,not_applicable,not_applicable,not_applicable
13,12,corrected_endpoint,zhigh,top_offmask,v,12972,0,0,0,not_applicable,not_applicable,not_applicable,not_applicable,not_applicable
13,12,corrected_endpoint,zhigh,top_offmask,w,12972,0,0,0,not_applicable,not_applicable,not_applicable,not_applicable,not_applicable
13,12,corrected_endpoint,zlow,bottom_return,u,13932,0,0,0,not_applicable,not_applicable,not_applicable,not_applicable,not_applicable
13,12,corrected_endpoint,zlow,bottom_return,v,13932,0,0,0,not_applicable,not_applicable,not_applicable,not_applicable,not_applicable
13,12,corrected_endpoint,zlow,bottom_return,w,13932,0,0,0,not_applicable,not_applicable,not_applicable,not_applicable,not_applicable
13,13,pre_vof,zhigh,active_slot,u,960,0,0,0,not_applicable,not_applicable,not_applicable,not_applicable,not_applicable
13,13,pre_vof,zhigh,active_slot,v,960,0,0,0,not_applicable,not_applicable,not_applicable,not_applicable,not_applicable
13,13,pre_vof,zhigh,active_slot,w,960,0,0,0,not_applicable,not_applicable,not_applicable,not_applicable,not_applicable
13,13,pre_vof,zhigh,inactive_slot,u,0,0,0,0,not_applicable,not_applicable,not_applicable,not_applicable,not_applicable
13,13,pre_vof,zhigh,inactive_slot,v,0,0,0,0,not_applicable,not_applicable,not_applicable,not_applicable,not_applicable
13,13,pre_vof,zhigh,inactive_slot,w,0,0,0,0,not_applicable,not_applicable,not_applicable,not_applicable,not_applicable
13,13,pre_vof,zhigh,top_offmask,u,12972,0,0,0,not_applicable,not_applicable,not_applicable,not_applicable,not_applicable
13,13,pre_vof,zhigh,top_offmask,v,12972,0,0,0,not_applicable,not_applicable,not_applicable,not_applicable,not_applicable
13,13,pre_vof,zhigh,top_offmask,w,12972,0,0,0,not_applicable,not_applicable,not_applicable,not_applicable,not_applicable
13,13,pre_vof,zlow,bottom_return,u,13932,0,0,0,not_applicable,not_applicable,not_applicable,not_applicable,not_applicable
13,13,pre_vof,zlow,bottom_return,v,13932,0,0,0,not_applicable,not_applicable,not_applicable,not_applicable,not_applicable
13,13,pre_vof,zlow,bottom_return,w,13932,0,0,0,not_applicable,not_applicable,not_applicable,not_applicable,not_applicable
14,13,projection_override,zhigh,active_slot,u,0,0,0,0,not_applicable,not_applicable,not_applicable,not_applicable,not_applicable
14,13,projection_override,zhigh,active_slot,v,0,0,0,0,not_applicable,not_applicable,not_applicable,not_applicable,not_applicable
14,13,projection_override,zhigh,active_slot,w,0,0,0,0,not_applicable,not_applicable,not_applicable,not_applicable,not_applicable
14,13,projection_override,zhigh,inactive_slot,u,960,0,0,0,not_applicable,not_applicable,not_applicable,not_applicable,not_applicable
14,13,projection_override,zhigh,inactive_slot,v,960,0,0,0,not_applicable,not_applicable,not_applicable,not_applicable,not_applicable
14,13,projection_override,zhigh,inactive_slot,w,960,0,0,0,not_applicable,not_applicable,not_applicable,not_applicable,not_applicable
14,13,projection_override,zhigh,top_offmask,u,12972,0,0,0,not_applicable,not_applicable,not_applicable,not_applicable,not_applicable
14,13,projection_override,zhigh,top_offmask,v,12972,0,0,0,not_applicable,not_applicable,not_applicable,not_applicable,not_applicable
14,13,projection_override,zhigh,top_offmask,w,12972,0,0,0,not_applicable,not_applicable,not_applicable,not_applicable,not_applicable
14,13,projection_override,zlow,bottom_return,u,13932,0,0,0,not_applicable,not_applicable,not_applicable,not_applicable,not_applicable
14,13,projection_override,zlow,bottom_return,v,13932,0,0,0,not_applicable,not_applicable,not_applicable,not_applicable,not_applicable
14,13,projection_override,zlow,bottom_return,w,13932,0,0,0,not_applicable,not_applicable,not_applicable,not_applicable,not_applicable
14,13,corrected_endpoint,zhigh,active_slot,u,0,0,0,0,not_applicable,not_applicable,not_applicable,not_applicable,not_applicable
14,13,corrected_endpoint,zhigh,active_slot,v,0,0,0,0,not_applicable,not_applicable,not_applicable,not_applicable,not_applicable
14,13,corrected_endpoint,zhigh,active_slot,w,0,0,0,0,not_applicable,not_applicable,not_applicable,not_applicable,not_applicable
14,13,corrected_endpoint,zhigh,inactive_slot,u,960,0,0,0,not_applicable,not_applicable,not_applicable,not_applicable,not_applicable
14,13,corrected_endpoint,zhigh,inactive_slot,v,960,0,0,0,not_applicable,not_applicable,not_applicable,not_applicable,not_applicable
14,13,corrected_endpoint,zhigh,inactive_slot,w,960,0,0,0,not_applicable,not_applicable,not_applicable,not_applicable,not_applicable
14,13,corrected_endpoint,zhigh,top_offmask,u,12972,0,0,0,not_applicable,not_applicable,not_applicable,not_applicable,not_applicable
14,13,corrected_endpoint,zhigh,top_offmask,v,12972,0,0,0,not_applicable,not_applicable,not_applicable,not_applicable,not_applicable
14,13,corrected_endpoint,zhigh,top_offmask,w,12972,0,0,0,not_applicable,not_applicable,not_applicable,not_applicable,not_applicable
14,13,corrected_endpoint,zlow,bottom_return,u,13932,0,0,0,not_applicable,not_applicable,not_applicable,not_applicable,not_applicable
14,13,corrected_endpoint,zlow,bottom_return,v,13932,0,0,0,not_applicable,not_applicable,not_applicable,not_applicable,not_applicable
14,13,corrected_endpoint,zlow,bottom_return,w,13932,0,0,0,not_applicable,not_applicable,not_applicable,not_applicable,not_applicable
