state_index,transport_interval_index,stage_id,face,source_class,property,scanned_cells,mismatch_count,nonfinite_count,max_abs_error,first_bad_i,first_bad_j,first_bad_k,expected,observed
0,0,pre_vof_x,xlow,periodic,alpha,3612,0,0,0,not_applicable,not_applicable,not_applicable,not_applicable,not_applicable
0,0,pre_vof_x,xhigh,periodic,alpha,3612,0,0,0,not_applicable,not_applicable,not_applicable,not_applicable,not_applicable
0,0,pre_vof_x,ylow,periodic,alpha,6720,0,0,0,not_applicable,not_applicable,not_applicable,not_applicable,not_applicable
0,0,pre_vof_x,yhigh,periodic,alpha,6720,0,0,0,not_applicable,not_applicable,not_applicable,not_applicable,not_applicable
0,0,pre_vof_x,zlow,bottom_return,alpha,13440,0,0,0,not_applicable,not_applicable,not_applicable,not_applicable,not_applicable
0,0,pre_vof_x,zhigh,active_slot,alpha,960,0,0,0,not_applicable,not_applicable,not_applicable,not_applicable,not_applicable
0,0,pre_vof_x,zhigh,inactive_slot,alpha,0,0,0,0,not_applicable,not_applicable,not_applicable,not_applicable,not_applicable
0,0,pre_vof_x,zhigh,top_offmask,alpha,12480,0,0,0,not_applicable,not_applicable,not_applicable,not_applicable,not_applicable
0,0,pre_vof_y,xlow,periodic,alpha,3612,0,0,0,not_applicable,not_applicable,not_applicable,not_applicable,not_applicable
0,0,pre_vof_y,xhigh,periodic,alpha,3612,0,0,0,not_applicable,not_applicable,not_applicable,not_applicable,not_applicable
0,0,pre_vof_y,ylow,periodic,alpha,6720,0,0,0,not_applicable,not_applicable,not_applicable,not_applicable,not_applicable
0,0,pre_vof_y,yhigh,periodic,alpha,6720,0,0,0,not_applicable,not_applicable,not_applicable,not_applicable,not_applicable
0,0,pre_vof_y,zlow,bottom_return,alpha,13440,0,0,0,not_applicable,not_applicable,not_applicable,not_applicable,not_applicable
0,0,pre_vof_y,zhigh,active_slot,alpha,960,0,0,0,not_applicable,not_applicable,not_applicable,not_applicable,not_applicable
0,0,pre_vof_y,zhigh,inactive_slot,alpha,0,0,0,0,not_applicable,not_applicable,not_applicable,not_applicable,not_applicable
0,0,pre_vof_y,zhigh,top_offmask,alpha,12480,0,0,0,not_applicable,not_applicable,not_applicable,not_applicable,not_applicable
0,0,pre_vof_z,xlow,periodic,alpha,3612,0,0,0,not_applicable,not_applicable,not_applicable,not_applicable,not_applicable
0,0,pre_vof_z,xhigh,periodic,alpha,3612,0,0,0,not_applicable,not_applicable,not_applicable,not_applicable,not_applicable
0,0,pre_vof_z,ylow,periodic,alpha,6720,0,0,0,not_applicable,not_applicable,not_applicable,not_applicable,not_applicable
0,0,pre_vof_z,yhigh,periodic,alpha,6720,0,0,0,not_applicable,not_applicable,not_applicable,not_applicable,not_applicable
0,0,pre_vof_z,zlow,bottom_return,alpha,13440,0,0,0,not_applicable,not_applicable,not_applicable,not_applicable,not_applicable
0,0,pre_vof_z,zhigh,active_slot,alpha,960,0,0,0,not_applicable,not_applicable,not_applicable,not_applicable,not_applicable
0,0,pre_vof_z,zhigh,inactive_slot,alpha,0,0,0,0,not_applicable,not_applicable,not_applicable,not_applicable,not_applicable
0,0,pre_vof_z,zhigh,top_offmask,alpha,12480,0,0,0,not_applicable,not_applicable,not_applicable,not_applicable,not_applicable
0,0,pre_momentum,xlow,periodic,alpha,3612,0,0,0,not_applicable,not_applicable,not_applicable,not_applicable,not_applicable
0,0,pre_momentum,xlow,periodic,rho,3612,0,0,0,not_applicable,not_applicable,not_applicable,not_applicable,not_applicable
0,0,pre_momentum,xlow,periodic,mu,3612,0,0,0,not_applicable,not_applicable,not_applicable,not_applicable,not_applicable
0,0,pre_momentum,xhigh,periodic,alpha,3612,0,0,0,not_applicable,not_applicable,not_applicable,not_applicable,not_applicable
0,0,pre_momentum,xhigh,periodic,rho,3612,0,0,0,not_applicable,not_applicable,not_applicable,not_applicable,not_applicable
0,0,pre_momentum,xhigh,periodic,mu,3612,0,0,0,not_applicable,not_applicable,not_applicable,not_applicable,not_applicable
0,0,pre_momentum,ylow,periodic,alpha,6720,0,0,0,not_applicable,not_applicable,not_applicable,not_applicable,not_applicable
0,0,pre_momentum,ylow,periodic,rho,6720,0,0,0,not_applicable,not_applicable,not_applicable,not_applicable,not_applicable
0,0,pre_momentum,ylow,periodic,mu,6720,0,0,0,not_applicable,not_applicable,not_applicable,not_applicable,not_applicable
0,0,pre_momentum,yhigh,periodic,alpha,6720,0,0,0,not_applicable,not_applicable,not_applicable,not_applicable,not_applicable
0,0,pre_momentum,yhigh,periodic,rho,6720,0,0,0,not_applicable,not_applicable,not_applicable,not_applicable,not_applicable
0,0,pre_momentum,yhigh,periodic,mu,6720,0,0,0,not_applicable,not_applicable,not_applicable,not_applicable,not_applicable
0,0,pre_momentum,zlow,bottom_return,alpha,13440,0,0,0,not_applicable,not_applicable,not_applicable,not_applicable,not_applicable
0,0,pre_momentum,zlow,bottom_return,rho,13440,0,0,0,not_applicable,not_applicable,not_applicable,not_applicable,not_applicable
0,0,pre_momentum,zlow,bottom_return,mu,13440,0,0,0,not_applicable,not_applicable,not_applicable,not_applicable,not_applicable
0,0,pre_momentum,zhigh,active_slot,alpha,960,0,0,0,not_applicable,not_applicable,not_applicable,not_applicable,not_applicable
0,0,pre_momentum,zhigh,active_slot,rho,960,0,0,0,not_applicable,not_applicable,not_applicable,not_applicable,not_applicable
0,0,pre_momentum,zhigh,active_slot,mu,960,0,0,0,not_applicable,not_applicable,not_applicable,not_applicable,not_applicable
0,0,pre_momentum,zhigh,inactive_slot,alpha,0,0,0,0,not_applicable,not_applicable,not_applicable,not_applicable,not_applicable
0,0,pre_momentum,zhigh,inactive_slot,rho,0,0,0,0,not_applicable,not_applicable,not_applicable,not_applicable,not_applicable
0,0,pre_momentum,zhigh,inactive_slot,mu,0,0,0,0,not_applicable,not_applicable,not_applicable,not_applicable,not_applicable
0,0,pre_momentum,zhigh,top_offmask,alpha,12480,0,0,0,not_applicable,not_applicable,not_applicable,not_applicable,not_applicable
0,0,pre_momentum,zhigh,top_offmask,rho,12480,0,0,0,not_applicable,not_applicable,not_applicable,not_applicable,not_applicable
0,0,pre_momentum,zhigh,top_offmask,mu,12480,0,0,0,not_applicable,not_applicable,not_applicable,not_applicable,not_applicable
1,1,pre_vof_x,xlow,periodic,alpha,3612,0,0,0,not_applicable,not_applicable,not_applicable,not_applicable,not_applicable
1,1,pre_vof_x,xhigh,periodic,alpha,3612,0,0,0,not_applicable,not_applicable,not_applicable,not_applicable,not_applicable
1,1,pre_vof_x,ylow,periodic,alpha,6720,0,0,0,not_applicable,not_applicable,not_applicable,not_applicable,not_applicable
1,1,pre_vof_x,yhigh,periodic,alpha,6720,0,0,0,not_applicable,not_applicable,not_applicable,not_applicable,not_applicable
1,1,pre_vof_x,zlow,bottom_return,alpha,13440,0,0,0,not_applicable,not_applicable,not_applicable,not_applicable,not_applicable
1,1,pre_vof_x,zhigh,active_slot,alpha,960,0,0,0,not_applicable,not_applicable,not_applicable,not_applicable,not_applicable
1,1,pre_vof_x,zhigh,inactive_slot,alpha,0,0,0,0,not_applicable,not_applicable,not_applicable,not_applicable,not_applicable
1,1,pre_vof_x,zhigh,top_offmask,alpha,12480,0,0,0,not_applicable,not_applicable,not_applicable,not_applicable,not_applicable
1,1,pre_vof_y,xlow,periodic,alpha,3612,0,0,0,not_applicable,not_applicable,not_applicable,not_applicable,not_applicable
1,1,pre_vof_y,xhigh,periodic,alpha,3612,0,0,0,not_applicable,not_applicable,not_applicable,not_applicable,not_applicable
1,1,pre_vof_y,ylow,periodic,alpha,6720,0,0,0,not_applicable,not_applicable,not_applicable,not_applicable,not_applicable
1,1,pre_vof_y,yhigh,periodic,alpha,6720,0,0,0,not_applicable,not_applicable,not_applicable,not_applicable,not_applicable
1,1,pre_vof_y,zlow,bottom_return,alpha,13440,0,0,0,not_applicable,not_applicable,not_applicable,not_applicable,not_applicable
1,1,pre_vof_y,zhigh,active_slot,alpha,960,0,0,0,not_applicable,not_applicable,not_applicable,not_applicable,not_applicable
1,1,pre_vof_y,zhigh,inactive_slot,alpha,0,0,0,0,not_applicable,not_applicable,not_applicable,not_applicable,not_applicable
1,1,pre_vof_y,zhigh,top_offmask,alpha,12480,0,0,0,not_applicable,not_applicable,not_applicable,not_applicable,not_applicable
1,1,pre_vof_z,xlow,periodic,alpha,3612,0,0,0,not_applicable,not_applicable,not_applicable,not_applicable,not_applicable
1,1,pre_vof_z,xhigh,periodic,alpha,3612,0,0,0,not_applicable,not_applicable,not_applicable,not_applicable,not_applicable
1,1,pre_vof_z,ylow,periodic,alpha,6720,0,0,0,not_applicable,not_applicable,not_applicable,not_applicable,not_applicable
1,1,pre_vof_z,yhigh,periodic,alpha,6720,0,0,0,not_applicable,not_applicable,not_applicable,not_applicable,not_applicable
1,1,pre_vof_z,zlow,bottom_return,alpha,13440,0,0,0,not_applicable,not_applicable,not_applicable,not_applicable,not_applicable
1,1,pre_vof_z,zhigh,active_slot,alpha,960,0,0,0,not_applicable,not_applicable,not_applicable,not_applicable,not_applicable
1,1,pre_vof_z,zhigh,inactive_slot,alpha,0,0,0,0,not_applicable,not_applicable,not_applicable,not_applicable,not_applicable
1,1,pre_vof_z,zhigh,top_offmask,alpha,12480,0,0,0,not_applicable,not_applicable,not_applicable,not_applicable,not_applicable
1,1,pre_momentum,xlow,periodic,alpha,3612,0,0,0,not_applicable,not_applicable,not_applicable,not_applicable,not_applicable
1,1,pre_momentum,xlow,periodic,rho,3612,0,0,0,not_applicable,not_applicable,not_applicable,not_applicable,not_applicable
1,1,pre_momentum,xlow,periodic,mu,3612,0,0,0,not_applicable,not_applicable,not_applicable,not_applicable,not_applicable
1,1,pre_momentum,xhigh,periodic,alpha,3612,0,0,0,not_applicable,not_applicable,not_applicable,not_applicable,not_applicable
1,1,pre_momentum,xhigh,periodic,rho,3612,0,0,0,not_applicable,not_applicable,not_applicable,not_applicable,not_applicable
1,1,pre_momentum,xhigh,periodic,mu,3612,0,0,0,not_applicable,not_applicable,not_applicable,not_applicable,not_applicable
1,1,pre_momentum,ylow,periodic,alpha,6720,0,0,0,not_applicable,not_applicable,not_applicable,not_applicable,not_applicable
1,1,pre_momentum,ylow,periodic,rho,6720,0,0,0,not_applicable,not_applicable,not_applicable,not_applicable,not_applicable
1,1,pre_momentum,ylow,periodic,mu,6720,0,0,0,not_applicable,not_applicable,not_applicable,not_applicable,not_applicable
1,1,pre_momentum,yhigh,periodic,alpha,6720,0,0,0,not_applicable,not_applicable,not_applicable,not_applicable,not_applicable
1,1,pre_momentum,yhigh,periodic,rho,6720,0,0,0,not_applicable,not_applicable,not_applicable,not_applicable,not_applicable
1,1,pre_momentum,yhigh,periodic,mu,6720,0,0,0,not_applicable,not_applicable,not_applicable,not_applicable,not_applicable
1,1,pre_momentum,zlow,bottom_return,alpha,13440,0,0,0,not_applicable,not_applicable,not_applicable,not_applicable,not_applicable
1,1,pre_momentum,zlow,bottom_return,rho,13440,0,0,0,not_applicable,not_applicable,not_applicable,not_applicable,not_applicable
1,1,pre_momentum,zlow,bottom_return,mu,13440,0,0,0,not_applicable,not_applicable,not_applicable,not_applicable,not_applicable
1,1,pre_momentum,zhigh,active_slot,alpha,960,0,0,0,not_applicable,not_applicable,not_applicable,not_applicable,not_applicable
1,1,pre_momentum,zhigh,active_slot,rho,960,0,0,0,not_applicable,not_applicable,not_applicable,not_applicable,not_applicable
1,1,pre_momentum,zhigh,active_slot,mu,960,0,0,0,not_applicable,not_applicable,not_applicable,not_applicable,not_applicable
1,1,pre_momentum,zhigh,inactive_slot,alpha,0,0,0,0,not_applicable,not_applicable,not_applicable,not_applicable,not_applicable
1,1,pre_momentum,zhigh,inactive_slot,rho,0,0,0,0,not_applicable,not_applicable,not_applicable,not_applicable,not_applicable
1,1,pre_momentum,zhigh,inactive_slot,mu,0,0,0,0,not_applicable,not_applicable,not_applicable,not_applicable,not_applicable
1,1,pre_momentum,zhigh,top_offmask,alpha,12480,0,0,0,not_applicable,not_applicable,not_applicable,not_applicable,not_applicable
1,1,pre_momentum,zhigh,top_offmask,rho,12480,0,0,0,not_applicable,not_applicable,not_applicable,not_applicable,not_applicable
1,1,pre_momentum,zhigh,top_offmask,mu,12480,0,0,0,not_applicable,not_applicable,not_applicable,not_applicable,not_applicable
2,2,pre_vof_x,xlow,periodic,alpha,3612,0,0,0,not_applicable,not_applicable,not_applicable,not_applicable,not_applicable
2,2,pre_vof_x,xhigh,periodic,alpha,3612,0,0,0,not_applicable,not_applicable,not_applicable,not_applicable,not_applicable
2,2,pre_vof_x,ylow,periodic,alpha,6720,0,0,0,not_applicable,not_applicable,not_applicable,not_applicable,not_applicable
2,2,pre_vof_x,yhigh,periodic,alpha,6720,0,0,0,not_applicable,not_applicable,not_applicable,not_applicable,not_applicable
2,2,pre_vof_x,zlow,bottom_return,alpha,13440,0,0,0,not_applicable,not_applicable,not_applicable,not_applicable,not_applicable
2,2,pre_vof_x,zhigh,active_slot,alpha,960,0,0,0,not_applicable,not_applicable,not_applicable,not_applicable,not_applicable
2,2,pre_vof_x,zhigh,inactive_slot,alpha,0,0,0,0,not_applicable,not_applicable,not_applicable,not_applicable,not_applicable
2,2,pre_vof_x,zhigh,top_offmask,alpha,12480,0,0,0,not_applicable,not_applicable,not_applicable,not_applicable,not_applicable
2,2,pre_vof_y,xlow,periodic,alpha,3612,0,0,0,not_applicable,not_applicable,not_applicable,not_applicable,not_applicable
2,2,pre_vof_y,xhigh,periodic,alpha,3612,0,0,0,not_applicable,not_applicable,not_applicable,not_applicable,not_applicable
2,2,pre_vof_y,ylow,periodic,alpha,6720,0,0,0,not_applicable,not_applicable,not_applicable,not_applicable,not_applicable
2,2,pre_vof_y,yhigh,periodic,alpha,6720,0,0,0,not_applicable,not_applicable,not_applicable,not_applicable,not_applicable
2,2,pre_vof_y,zlow,bottom_return,alpha,13440,0,0,0,not_applicable,not_applicable,not_applicable,not_applicable,not_applicable
2,2,pre_vof_y,zhigh,active_slot,alpha,960,0,0,0,not_applicable,not_applicable,not_applicable,not_applicable,not_applicable
2,2,pre_vof_y,zhigh,inactive_slot,alpha,0,0,0,0,not_applicable,not_applicable,not_applicable,not_applicable,not_applicable
2,2,pre_vof_y,zhigh,top_offmask,alpha,12480,0,0,0,not_applicable,not_applicable,not_applicable,not_applicable,not_applicable
2,2,pre_vof_z,xlow,periodic,alpha,3612,0,0,0,not_applicable,not_applicable,not_applicable,not_applicable,not_applicable
2,2,pre_vof_z,xhigh,periodic,alpha,3612,0,0,0,not_applicable,not_applicable,not_applicable,not_applicable,not_applicable
2,2,pre_vof_z,ylow,periodic,alpha,6720,0,0,0,not_applicable,not_applicable,not_applicable,not_applicable,not_applicable
2,2,pre_vof_z,yhigh,periodic,alpha,6720,0,0,0,not_applicable,not_applicable,not_applicable,not_applicable,not_applicable
2,2,pre_vof_z,zlow,bottom_return,alpha,13440,0,0,0,not_applicable,not_applicable,not_applicable,not_applicable,not_applicable
2,2,pre_vof_z,zhigh,active_slot,alpha,960,0,0,0,not_applicable,not_applicable,not_applicable,not_applicable,not_applicable
2,2,pre_vof_z,zhigh,inactive_slot,alpha,0,0,0,0,not_applicable,not_applicable,not_applicable,not_applicable,not_applicable
2,2,pre_vof_z,zhigh,top_offmask,alpha,12480,0,0,0,not_applicable,not_applicable,not_applicable,not_applicable,not_applicable
2,2,pre_momentum,xlow,periodic,alpha,3612,0,0,0,not_applicable,not_applicable,not_applicable,not_applicable,not_applicable
2,2,pre_momentum,xlow,periodic,rho,3612,0,0,0,not_applicable,not_applicable,not_applicable,not_applicable,not_applicable
2,2,pre_momentum,xlow,periodic,mu,3612,0,0,0,not_applicable,not_applicable,not_applicable,not_applicable,not_applicable
2,2,pre_momentum,xhigh,periodic,alpha,3612,0,0,0,not_applicable,not_applicable,not_applicable,not_applicable,not_applicable
2,2,pre_momentum,xhigh,periodic,rho,3612,0,0,0,not_applicable,not_applicable,not_applicable,not_applicable,not_applicable
2,2,pre_momentum,xhigh,periodic,mu,3612,0,0,0,not_applicable,not_applicable,not_applicable,not_applicable,not_applicable
2,2,pre_momentum,ylow,periodic,alpha,6720,0,0,0,not_applicable,not_applicable,not_applicable,not_applicable,not_applicable
2,2,pre_momentum,ylow,periodic,rho,6720,0,0,0,not_applicable,not_applicable,not_applicable,not_applicable,not_applicable
2,2,pre_momentum,ylow,periodic,mu,6720,0,0,0,not_applicable,not_applicable,not_applicable,not_applicable,not_applicable
2,2,pre_momentum,yhigh,periodic,alpha,6720,0,0,0,not_applicable,not_applicable,not_applicable,not_applicable,not_applicable
2,2,pre_momentum,yhigh,periodic,rho,6720,0,0,0,not_applicable,not_applicable,not_applicable,not_applicable,not_applicable
2,2,pre_momentum,yhigh,periodic,mu,6720,0,0,0,not_applicable,not_applicable,not_applicable,not_applicable,not_applicable
2,2,pre_momentum,zlow,bottom_return,alpha,13440,0,0,0,not_applicable,not_applicable,not_applicable,not_applicable,not_applicable
2,2,pre_momentum,zlow,bottom_return,rho,13440,0,0,0,not_applicable,not_applicable,not_applicable,not_applicable,not_applicable
2,2,pre_momentum,zlow,bottom_return,mu,13440,0,0,0,not_applicable,not_applicable,not_applicable,not_applicable,not_applicable
2,2,pre_momentum,zhigh,active_slot,alpha,960,0,0,0,not_applicable,not_applicable,not_applicable,not_applicable,not_applicable
2,2,pre_momentum,zhigh,active_slot,rho,960,0,0,0,not_applicable,not_applicable,not_applicable,not_applicable,not_applicable
2,2,pre_momentum,zhigh,active_slot,mu,960,0,0,0,not_applicable,not_applicable,not_applicable,not_applicable,not_applicable
2,2,pre_momentum,zhigh,inactive_slot,alpha,0,0,0,0,not_applicable,not_applicable,not_applicable,not_applicable,not_applicable
2,2,pre_momentum,zhigh,inactive_slot,rho,0,0,0,0,not_applicable,not_applicable,not_applicable,not_applicable,not_applicable
2,2,pre_momentum,zhigh,inactive_slot,mu,0,0,0,0,not_applicable,not_applicable,not_applicable,not_applicable,not_applicable
2,2,pre_momentum,zhigh,top_offmask,alpha,12480,0,0,0,not_applicable,not_applicable,not_applicable,not_applicable,not_applicable
2,2,pre_momentum,zhigh,top_offmask,rho,12480,0,0,0,not_applicable,not_applicable,not_applicable,not_applicable,not_applicable
2,2,pre_momentum,zhigh,top_offmask,mu,12480,0,0,0,not_applicable,not_applicable,not_applicable,not_applicable,not_applicable
3,3,pre_vof_x,xlow,periodic,alpha,3612,0,0,0,not_applicable,not_applicable,not_applicable,not_applicable,not_applicable
3,3,pre_vof_x,xhigh,periodic,alpha,3612,0,0,0,not_applicable,not_applicable,not_applicable,not_applicable,not_applicable
3,3,pre_vof_x,ylow,periodic,alpha,6720,0,0,0,not_applicable,not_applicable,not_applicable,not_applicable,not_applicable
3,3,pre_vof_x,yhigh,periodic,alpha,6720,0,0,0,not_applicable,not_applicable,not_applicable,not_applicable,not_applicable
3,3,pre_vof_x,zlow,bottom_return,alpha,13440,0,0,0,not_applicable,not_applicable,not_applicable,not_applicable,not_applicable
3,3,pre_vof_x,zhigh,active_slot,alpha,960,0,0,0,not_applicable,not_applicable,not_applicable,not_applicable,not_applicable
3,3,pre_vof_x,zhigh,inactive_slot,alpha,0,0,0,0,not_applicable,not_applicable,not_applicable,not_applicable,not_applicable
3,3,pre_vof_x,zhigh,top_offmask,alpha,12480,0,0,0,not_applicable,not_applicable,not_applicable,not_applicable,not_applicable
3,3,pre_vof_y,xlow,periodic,alpha,3612,0,0,0,not_applicable,not_applicable,not_applicable,not_applicable,not_applicable
3,3,pre_vof_y,xhigh,periodic,alpha,3612,0,0,0,not_applicable,not_applicable,not_applicable,not_applicable,not_applicable
3,3,pre_vof_y,ylow,periodic,alpha,6720,0,0,0,not_applicable,not_applicable,not_applicable,not_applicable,not_applicable
3,3,pre_vof_y,yhigh,periodic,alpha,6720,0,0,0,not_applicable,not_applicable,not_applicable,not_applicable,not_applicable
3,3,pre_vof_y,zlow,bottom_return,alpha,13440,0,0,0,not_applicable,not_applicable,not_applicable,not_applicable,not_applicable
3,3,pre_vof_y,zhigh,active_slot,alpha,960,0,0,0,not_applicable,not_applicable,not_applicable,not_applicable,not_applicable
3,3,pre_vof_y,zhigh,inactive_slot,alpha,0,0,0,0,not_applicable,not_applicable,not_applicable,not_applicable,not_applicable
3,3,pre_vof_y,zhigh,top_offmask,alpha,12480,0,0,0,not_applicable,not_applicable,not_applicable,not_applicable,not_applicable
3,3,pre_vof_z,xlow,periodic,alpha,3612,0,0,0,not_applicable,not_applicable,not_applicable,not_applicable,not_applicable
3,3,pre_vof_z,xhigh,periodic,alpha,3612,0,0,0,not_applicable,not_applicable,not_applicable,not_applicable,not_applicable
3,3,pre_vof_z,ylow,periodic,alpha,6720,0,0,0,not_applicable,not_applicable,not_applicable,not_applicable,not_applicable
3,3,pre_vof_z,yhigh,periodic,alpha,6720,0,0,0,not_applicable,not_applicable,not_applicable,not_applicable,not_applicable
3,3,pre_vof_z,zlow,bottom_return,alpha,13440,0,0,0,not_applicable,not_applicable,not_applicable,not_applicable,not_applicable
3,3,pre_vof_z,zhigh,active_slot,alpha,960,0,0,0,not_applicable,not_applicable,not_applicable,not_applicable,not_applicable
3,3,pre_vof_z,zhigh,inactive_slot,alpha,0,0,0,0,not_applicable,not_applicable,not_applicable,not_applicable,not_applicable
3,3,pre_vof_z,zhigh,top_offmask,alpha,12480,0,0,0,not_applicable,not_applicable,not_applicable,not_applicable,not_applicable
3,3,pre_momentum,xlow,periodic,alpha,3612,0,0,0,not_applicable,not_applicable,not_applicable,not_applicable,not_applicable
3,3,pre_momentum,xlow,periodic,rho,3612,0,0,0,not_applicable,not_applicable,not_applicable,not_applicable,not_applicable
3,3,pre_momentum,xlow,periodic,mu,3612,0,0,0,not_applicable,not_applicable,not_applicable,not_applicable,not_applicable
3,3,pre_momentum,xhigh,periodic,alpha,3612,0,0,0,not_applicable,not_applicable,not_applicable,not_applicable,not_applicable
3,3,pre_momentum,xhigh,periodic,rho,3612,0,0,0,not_applicable,not_applicable,not_applicable,not_applicable,not_applicable
3,3,pre_momentum,xhigh,periodic,mu,3612,0,0,0,not_applicable,not_applicable,not_applicable,not_applicable,not_applicable
3,3,pre_momentum,ylow,periodic,alpha,6720,0,0,0,not_applicable,not_applicable,not_applicable,not_applicable,not_applicable
3,3,pre_momentum,ylow,periodic,rho,6720,0,0,0,not_applicable,not_applicable,not_applicable,not_applicable,not_applicable
3,3,pre_momentum,ylow,periodic,mu,6720,0,0,0,not_applicable,not_applicable,not_applicable,not_applicable,not_applicable
3,3,pre_momentum,yhigh,periodic,alpha,6720,0,0,0,not_applicable,not_applicable,not_applicable,not_applicable,not_applicable
3,3,pre_momentum,yhigh,periodic,rho,6720,0,0,0,not_applicable,not_applicable,not_applicable,not_applicable,not_applicable
3,3,pre_momentum,yhigh,periodic,mu,6720,0,0,0,not_applicable,not_applicable,not_applicable,not_applicable,not_applicable
3,3,pre_momentum,zlow,bottom_return,alpha,13440,0,0,0,not_applicable,not_applicable,not_applicable,not_applicable,not_applicable
3,3,pre_momentum,zlow,bottom_return,rho,13440,0,0,0,not_applicable,not_applicable,not_applicable,not_applicable,not_applicable
3,3,pre_momentum,zlow,bottom_return,mu,13440,0,0,0,not_applicable,not_applicable,not_applicable,not_applicable,not_applicable
3,3,pre_momentum,zhigh,active_slot,alpha,960,0,0,0,not_applicable,not_applicable,not_applicable,not_applicable,not_applicable
3,3,pre_momentum,zhigh,active_slot,rho,960,0,0,0,not_applicable,not_applicable,not_applicable,not_applicable,not_applicable
3,3,pre_momentum,zhigh,active_slot,mu,960,0,0,0,not_applicable,not_applicable,not_applicable,not_applicable,not_applicable
3,3,pre_momentum,zhigh,inactive_slot,alpha,0,0,0,0,not_applicable,not_applicable,not_applicable,not_applicable,not_applicable
3,3,pre_momentum,zhigh,inactive_slot,rho,0,0,0,0,not_applicable,not_applicable,not_applicable,not_applicable,not_applicable
3,3,pre_momentum,zhigh,inactive_slot,mu,0,0,0,0,not_applicable,not_applicable,not_applicable,not_applicable,not_applicable
3,3,pre_momentum,zhigh,top_offmask,alpha,12480,0,0,0,not_applicable,not_applicable,not_applicable,not_applicable,not_applicable
3,3,pre_momentum,zhigh,top_offmask,rho,12480,0,0,0,not_applicable,not_applicable,not_applicable,not_applicable,not_applicable
3,3,pre_momentum,zhigh,top_offmask,mu,12480,0,0,0,not_applicable,not_applicable,not_applicable,not_applicable,not_applicable
4,4,pre_vof_x,xlow,periodic,alpha,3612,0,0,0,not_applicable,not_applicable,not_applicable,not_applicable,not_applicable
4,4,pre_vof_x,xhigh,periodic,alpha,3612,0,0,0,not_applicable,not_applicable,not_applicable,not_applicable,not_applicable
4,4,pre_vof_x,ylow,periodic,alpha,6720,0,0,0,not_applicable,not_applicable,not_applicable,not_applicable,not_applicable
4,4,pre_vof_x,yhigh,periodic,alpha,6720,0,0,0,not_applicable,not_applicable,not_applicable,not_applicable,not_applicable
4,4,pre_vof_x,zlow,bottom_return,alpha,13440,0,0,0,not_applicable,not_applicable,not_applicable,not_applicable,not_applicable
4,4,pre_vof_x,zhigh,active_slot,alpha,960,0,0,0,not_applicable,not_applicable,not_applicable,not_applicable,not_applicable
4,4,pre_vof_x,zhigh,inactive_slot,alpha,0,0,0,0,not_applicable,not_applicable,not_applicable,not_applicable,not_applicable
4,4,pre_vof_x,zhigh,top_offmask,alpha,12480,0,0,0,not_applicable,not_applicable,not_applicable,not_applicable,not_applicable
4,4,pre_vof_y,xlow,periodic,alpha,3612,0,0,0,not_applicable,not_applicable,not_applicable,not_applicable,not_applicable
4,4,pre_vof_y,xhigh,periodic,alpha,3612,0,0,0,not_applicable,not_applicable,not_applicable,not_applicable,not_applicable
4,4,pre_vof_y,ylow,periodic,alpha,6720,0,0,0,not_applicable,not_applicable,not_applicable,not_applicable,not_applicable
4,4,pre_vof_y,yhigh,periodic,alpha,6720,0,0,0,not_applicable,not_applicable,not_applicable,not_applicable,not_applicable
4,4,pre_vof_y,zlow,bottom_return,alpha,13440,0,0,0,not_applicable,not_applicable,not_applicable,not_applicable,not_applicable
4,4,pre_vof_y,zhigh,active_slot,alpha,960,0,0,0,not_applicable,not_applicable,not_applicable,not_applicable,not_applicable
4,4,pre_vof_y,zhigh,inactive_slot,alpha,0,0,0,0,not_applicable,not_applicable,not_applicable,not_applicable,not_applicable
4,4,pre_vof_y,zhigh,top_offmask,alpha,12480,0,0,0,not_applicable,not_applicable,not_applicable,not_applicable,not_applicable
4,4,pre_vof_z,xlow,periodic,alpha,3612,0,0,0,not_applicable,not_applicable,not_applicable,not_applicable,not_applicable
4,4,pre_vof_z,xhigh,periodic,alpha,3612,0,0,0,not_applicable,not_applicable,not_applicable,not_applicable,not_applicable
4,4,pre_vof_z,ylow,periodic,alpha,6720,0,0,0,not_applicable,not_applicable,not_applicable,not_applicable,not_applicable
4,4,pre_vof_z,yhigh,periodic,alpha,6720,0,0,0,not_applicable,not_applicable,not_applicable,not_applicable,not_applicable
4,4,pre_vof_z,zlow,bottom_return,alpha,13440,0,0,0,not_applicable,not_applicable,not_applicable,not_applicable,not_applicable
4,4,pre_vof_z,zhigh,active_slot,alpha,960,0,0,0,not_applicable,not_applicable,not_applicable,not_applicable,not_applicable
4,4,pre_vof_z,zhigh,inactive_slot,alpha,0,0,0,0,not_applicable,not_applicable,not_applicable,not_applicable,not_applicable
4,4,pre_vof_z,zhigh,top_offmask,alpha,12480,0,0,0,not_applicable,not_applicable,not_applicable,not_applicable,not_applicable
4,4,pre_momentum,xlow,periodic,alpha,3612,0,0,0,not_applicable,not_applicable,not_applicable,not_applicable,not_applicable
4,4,pre_momentum,xlow,periodic,rho,3612,0,0,0,not_applicable,not_applicable,not_applicable,not_applicable,not_applicable
4,4,pre_momentum,xlow,periodic,mu,3612,0,0,0,not_applicable,not_applicable,not_applicable,not_applicable,not_applicable
4,4,pre_momentum,xhigh,periodic,alpha,3612,0,0,0,not_applicable,not_applicable,not_applicable,not_applicable,not_applicable
4,4,pre_momentum,xhigh,periodic,rho,3612,0,0,0,not_applicable,not_applicable,not_applicable,not_applicable,not_applicable
4,4,pre_momentum,xhigh,periodic,mu,3612,0,0,0,not_applicable,not_applicable,not_applicable,not_applicable,not_applicable
4,4,pre_momentum,ylow,periodic,alpha,6720,0,0,0,not_applicable,not_applicable,not_applicable,not_applicable,not_applicable
4,4,pre_momentum,ylow,periodic,rho,6720,0,0,0,not_applicable,not_applicable,not_applicable,not_applicable,not_applicable
4,4,pre_momentum,ylow,periodic,mu,6720,0,0,0,not_applicable,not_applicable,not_applicable,not_applicable,not_applicable
4,4,pre_momentum,yhigh,periodic,alpha,6720,0,0,0,not_applicable,not_applicable,not_applicable,not_applicable,not_applicable
4,4,pre_momentum,yhigh,periodic,rho,6720,0,0,0,not_applicable,not_applicable,not_applicable,not_applicable,not_applicable
4,4,pre_momentum,yhigh,periodic,mu,6720,0,0,0,not_applicable,not_applicable,not_applicable,not_applicable,not_applicable
4,4,pre_momentum,zlow,bottom_return,alpha,13440,0,0,0,not_applicable,not_applicable,not_applicable,not_applicable,not_applicable
4,4,pre_momentum,zlow,bottom_return,rho,13440,0,0,0,not_applicable,not_applicable,not_applicable,not_applicable,not_applicable
4,4,pre_momentum,zlow,bottom_return,mu,13440,0,0,0,not_applicable,not_applicable,not_applicable,not_applicable,not_applicable
4,4,pre_momentum,zhigh,active_slot,alpha,960,0,0,0,not_applicable,not_applicable,not_applicable,not_applicable,not_applicable
4,4,pre_momentum,zhigh,active_slot,rho,960,0,0,0,not_applicable,not_applicable,not_applicable,not_applicable,not_applicable
4,4,pre_momentum,zhigh,active_slot,mu,960,0,0,0,not_applicable,not_applicable,not_applicable,not_applicable,not_applicable
4,4,pre_momentum,zhigh,inactive_slot,alpha,0,0,0,0,not_applicable,not_applicable,not_applicable,not_applicable,not_applicable
4,4,pre_momentum,zhigh,inactive_slot,rho,0,0,0,0,not_applicable,not_applicable,not_applicable,not_applicable,not_applicable
4,4,pre_momentum,zhigh,inactive_slot,mu,0,0,0,0,not_applicable,not_applicable,not_applicable,not_applicable,not_applicable
4,4,pre_momentum,zhigh,top_offmask,alpha,12480,0,0,0,not_applicable,not_applicable,not_applicable,not_applicable,not_applicable
4,4,pre_momentum,zhigh,top_offmask,rho,12480,0,0,0,not_applicable,not_applicable,not_applicable,not_applicable,not_applicable
4,4,pre_momentum,zhigh,top_offmask,mu,12480,0,0,0,not_applicable,not_applicable,not_applicable,not_applicable,not_applicable
5,5,pre_vof_x,xlow,periodic,alpha,3612,0,0,0,not_applicable,not_applicable,not_applicable,not_applicable,not_applicable
5,5,pre_vof_x,xhigh,periodic,alpha,3612,0,0,0,not_applicable,not_applicable,not_applicable,not_applicable,not_applicable
5,5,pre_vof_x,ylow,periodic,alpha,6720,0,0,0,not_applicable,not_applicable,not_applicable,not_applicable,not_applicable
5,5,pre_vof_x,yhigh,periodic,alpha,6720,0,0,0,not_applicable,not_applicable,not_applicable,not_applicable,not_applicable
5,5,pre_vof_x,zlow,bottom_return,alpha,13440,0,0,0,not_applicable,not_applicable,not_applicable,not_applicable,not_applicable
5,5,pre_vof_x,zhigh,active_slot,alpha,960,0,0,0,not_applicable,not_applicable,not_applicable,not_applicable,not_applicable
5,5,pre_vof_x,zhigh,inactive_slot,alpha,0,0,0,0,not_applicable,not_applicable,not_applicable,not_applicable,not_applicable
5,5,pre_vof_x,zhigh,top_offmask,alpha,12480,0,0,0,not_applicable,not_applicable,not_applicable,not_applicable,not_applicable
5,5,pre_vof_y,xlow,periodic,alpha,3612,0,0,0,not_applicable,not_applicable,not_applicable,not_applicable,not_applicable
5,5,pre_vof_y,xhigh,periodic,alpha,3612,0,0,0,not_applicable,not_applicable,not_applicable,not_applicable,not_applicable
5,5,pre_vof_y,ylow,periodic,alpha,6720,0,0,0,not_applicable,not_applicable,not_applicable,not_applicable,not_applicable
5,5,pre_vof_y,yhigh,periodic,alpha,6720,0,0,0,not_applicable,not_applicable,not_applicable,not_applicable,not_applicable
5,5,pre_vof_y,zlow,bottom_return,alpha,13440,0,0,0,not_applicable,not_applicable,not_applicable,not_applicable,not_applicable
5,5,pre_vof_y,zhigh,active_slot,alpha,960,0,0,0,not_applicable,not_applicable,not_applicable,not_applicable,not_applicable
5,5,pre_vof_y,zhigh,inactive_slot,alpha,0,0,0,0,not_applicable,not_applicable,not_applicable,not_applicable,not_applicable
5,5,pre_vof_y,zhigh,top_offmask,alpha,12480,0,0,0,not_applicable,not_applicable,not_applicable,not_applicable,not_applicable
5,5,pre_vof_z,xlow,periodic,alpha,3612,0,0,0,not_applicable,not_applicable,not_applicable,not_applicable,not_applicable
5,5,pre_vof_z,xhigh,periodic,alpha,3612,0,0,0,not_applicable,not_applicable,not_applicable,not_applicable,not_applicable
5,5,pre_vof_z,ylow,periodic,alpha,6720,0,0,0,not_applicable,not_applicable,not_applicable,not_applicable,not_applicable
5,5,pre_vof_z,yhigh,periodic,alpha,6720,0,0,0,not_applicable,not_applicable,not_applicable,not_applicable,not_applicable
5,5,pre_vof_z,zlow,bottom_return,alpha,13440,0,0,0,not_applicable,not_applicable,not_applicable,not_applicable,not_applicable
5,5,pre_vof_z,zhigh,active_slot,alpha,960,0,0,0,not_applicable,not_applicable,not_applicable,not_applicable,not_applicable
5,5,pre_vof_z,zhigh,inactive_slot,alpha,0,0,0,0,not_applicable,not_applicable,not_applicable,not_applicable,not_applicable
5,5,pre_vof_z,zhigh,top_offmask,alpha,12480,0,0,0,not_applicable,not_applicable,not_applicable,not_applicable,not_applicable
5,5,pre_momentum,xlow,periodic,alpha,3612,0,0,0,not_applicable,not_applicable,not_applicable,not_applicable,not_applicable
5,5,pre_momentum,xlow,periodic,rho,3612,0,0,0,not_applicable,not_applicable,not_applicable,not_applicable,not_applicable
5,5,pre_momentum,xlow,periodic,mu,3612,0,0,0,not_applicable,not_applicable,not_applicable,not_applicable,not_applicable
5,5,pre_momentum,xhigh,periodic,alpha,3612,0,0,0,not_applicable,not_applicable,not_applicable,not_applicable,not_applicable
5,5,pre_momentum,xhigh,periodic,rho,3612,0,0,0,not_applicable,not_applicable,not_applicable,not_applicable,not_applicable
5,5,pre_momentum,xhigh,periodic,mu,3612,0,0,0,not_applicable,not_applicable,not_applicable,not_applicable,not_applicable
5,5,pre_momentum,ylow,periodic,alpha,6720,0,0,0,not_applicable,not_applicable,not_applicable,not_applicable,not_applicable
5,5,pre_momentum,ylow,periodic,rho,6720,0,0,0,not_applicable,not_applicable,not_applicable,not_applicable,not_applicable
5,5,pre_momentum,ylow,periodic,mu,6720,0,0,0,not_applicable,not_applicable,not_applicable,not_applicable,not_applicable
5,5,pre_momentum,yhigh,periodic,alpha,6720,0,0,0,not_applicable,not_applicable,not_applicable,not_applicable,not_applicable
5,5,pre_momentum,yhigh,periodic,rho,6720,0,0,0,not_applicable,not_applicable,not_applicable,not_applicable,not_applicable
5,5,pre_momentum,yhigh,periodic,mu,6720,0,0,0,not_applicable,not_applicable,not_applicable,not_applicable,not_applicable
5,5,pre_momentum,zlow,bottom_return,alpha,13440,0,0,0,not_applicable,not_applicable,not_applicable,not_applicable,not_applicable
5,5,pre_momentum,zlow,bottom_return,rho,13440,0,0,0,not_applicable,not_applicable,not_applicable,not_applicable,not_applicable
5,5,pre_momentum,zlow,bottom_return,mu,13440,0,0,0,not_applicable,not_applicable,not_applicable,not_applicable,not_applicable
5,5,pre_momentum,zhigh,active_slot,alpha,960,0,0,0,not_applicable,not_applicable,not_applicable,not_applicable,not_applicable
5,5,pre_momentum,zhigh,active_slot,rho,960,0,0,0,not_applicable,not_applicable,not_applicable,not_applicable,not_applicable
5,5,pre_momentum,zhigh,active_slot,mu,960,0,0,0,not_applicable,not_applicable,not_applicable,not_applicable,not_applicable
5,5,pre_momentum,zhigh,inactive_slot,alpha,0,0,0,0,not_applicable,not_applicable,not_applicable,not_applicable,not_applicable
5,5,pre_momentum,zhigh,inactive_slot,rho,0,0,0,0,not_applicable,not_applicable,not_applicable,not_applicable,not_applicable
5,5,pre_momentum,zhigh,inactive_slot,mu,0,0,0,0,not_applicable,not_applicable,not_applicable,not_applicable,not_applicable
5,5,pre_momentum,zhigh,top_offmask,alpha,12480,0,0,0,not_applicable,not_applicable,not_applicable,not_applicable,not_applicable
5,5,pre_momentum,zhigh,top_offmask,rho,12480,0,0,0,not_applicable,not_applicable,not_applicable,not_applicable,not_applicable
5,5,pre_momentum,zhigh,top_offmask,mu,12480,0,0,0,not_applicable,not_applicable,not_applicable,not_applicable,not_applicable
6,6,pre_vof_x,xlow,periodic,alpha,3612,0,0,0,not_applicable,not_applicable,not_applicable,not_applicable,not_applicable
6,6,pre_vof_x,xhigh,periodic,alpha,3612,0,0,0,not_applicable,not_applicable,not_applicable,not_applicable,not_applicable
6,6,pre_vof_x,ylow,periodic,alpha,6720,0,0,0,not_applicable,not_applicable,not_applicable,not_applicable,not_applicable
6,6,pre_vof_x,yhigh,periodic,alpha,6720,0,0,0,not_applicable,not_applicable,not_applicable,not_applicable,not_applicable
6,6,pre_vof_x,zlow,bottom_return,alpha,13440,0,0,0,not_applicable,not_applicable,not_applicable,not_applicable,not_applicable
6,6,pre_vof_x,zhigh,active_slot,alpha,960,0,0,0,not_applicable,not_applicable,not_applicable,not_applicable,not_applicable
6,6,pre_vof_x,zhigh,inactive_slot,alpha,0,0,0,0,not_applicable,not_applicable,not_applicable,not_applicable,not_applicable
6,6,pre_vof_x,zhigh,top_offmask,alpha,12480,0,0,0,not_applicable,not_applicable,not_applicable,not_applicable,not_applicable
6,6,pre_vof_y,xlow,periodic,alpha,3612,0,0,0,not_applicable,not_applicable,not_applicable,not_applicable,not_applicable
6,6,pre_vof_y,xhigh,periodic,alpha,3612,0,0,0,not_applicable,not_applicable,not_applicable,not_applicable,not_applicable
6,6,pre_vof_y,ylow,periodic,alpha,6720,0,0,0,not_applicable,not_applicable,not_applicable,not_applicable,not_applicable
6,6,pre_vof_y,yhigh,periodic,alpha,6720,0,0,0,not_applicable,not_applicable,not_applicable,not_applicable,not_applicable
6,6,pre_vof_y,zlow,bottom_return,alpha,13440,0,0,0,not_applicable,not_applicable,not_applicable,not_applicable,not_applicable
6,6,pre_vof_y,zhigh,active_slot,alpha,960,0,0,0,not_applicable,not_applicable,not_applicable,not_applicable,not_applicable
6,6,pre_vof_y,zhigh,inactive_slot,alpha,0,0,0,0,not_applicable,not_applicable,not_applicable,not_applicable,not_applicable
6,6,pre_vof_y,zhigh,top_offmask,alpha,12480,0,0,0,not_applicable,not_applicable,not_applicable,not_applicable,not_applicable
6,6,pre_vof_z,xlow,periodic,alpha,3612,0,0,0,not_applicable,not_applicable,not_applicable,not_applicable,not_applicable
6,6,pre_vof_z,xhigh,periodic,alpha,3612,0,0,0,not_applicable,not_applicable,not_applicable,not_applicable,not_applicable
6,6,pre_vof_z,ylow,periodic,alpha,6720,0,0,0,not_applicable,not_applicable,not_applicable,not_applicable,not_applicable
6,6,pre_vof_z,yhigh,periodic,alpha,6720,0,0,0,not_applicable,not_applicable,not_applicable,not_applicable,not_applicable
6,6,pre_vof_z,zlow,bottom_return,alpha,13440,0,0,0,not_applicable,not_applicable,not_applicable,not_applicable,not_applicable
6,6,pre_vof_z,zhigh,active_slot,alpha,960,0,0,0,not_applicable,not_applicable,not_applicable,not_applicable,not_applicable
6,6,pre_vof_z,zhigh,inactive_slot,alpha,0,0,0,0,not_applicable,not_applicable,not_applicable,not_applicable,not_applicable
6,6,pre_vof_z,zhigh,top_offmask,alpha,12480,0,0,0,not_applicable,not_applicable,not_applicable,not_applicable,not_applicable
6,6,pre_momentum,xlow,periodic,alpha,3612,0,0,0,not_applicable,not_applicable,not_applicable,not_applicable,not_applicable
6,6,pre_momentum,xlow,periodic,rho,3612,0,0,0,not_applicable,not_applicable,not_applicable,not_applicable,not_applicable
6,6,pre_momentum,xlow,periodic,mu,3612,0,0,0,not_applicable,not_applicable,not_applicable,not_applicable,not_applicable
6,6,pre_momentum,xhigh,periodic,alpha,3612,0,0,0,not_applicable,not_applicable,not_applicable,not_applicable,not_applicable
6,6,pre_momentum,xhigh,periodic,rho,3612,0,0,0,not_applicable,not_applicable,not_applicable,not_applicable,not_applicable
6,6,pre_momentum,xhigh,periodic,mu,3612,0,0,0,not_applicable,not_applicable,not_applicable,not_applicable,not_applicable
6,6,pre_momentum,ylow,periodic,alpha,6720,0,0,0,not_applicable,not_applicable,not_applicable,not_applicable,not_applicable
6,6,pre_momentum,ylow,periodic,rho,6720,0,0,0,not_applicable,not_applicable,not_applicable,not_applicable,not_applicable
6,6,pre_momentum,ylow,periodic,mu,6720,0,0,0,not_applicable,not_applicable,not_applicable,not_applicable,not_applicable
6,6,pre_momentum,yhigh,periodic,alpha,6720,0,0,0,not_applicable,not_applicable,not_applicable,not_applicable,not_applicable
6,6,pre_momentum,yhigh,periodic,rho,6720,0,0,0,not_applicable,not_applicable,not_applicable,not_applicable,not_applicable
6,6,pre_momentum,yhigh,periodic,mu,6720,0,0,0,not_applicable,not_applicable,not_applicable,not_applicable,not_applicable
6,6,pre_momentum,zlow,bottom_return,alpha,13440,0,0,0,not_applicable,not_applicable,not_applicable,not_applicable,not_applicable
6,6,pre_momentum,zlow,bottom_return,rho,13440,0,0,0,not_applicable,not_applicable,not_applicable,not_applicable,not_applicable
6,6,pre_momentum,zlow,bottom_return,mu,13440,0,0,0,not_applicable,not_applicable,not_applicable,not_applicable,not_applicable
6,6,pre_momentum,zhigh,active_slot,alpha,960,0,0,0,not_applicable,not_applicable,not_applicable,not_applicable,not_applicable
6,6,pre_momentum,zhigh,active_slot,rho,960,0,0,0,not_applicable,not_applicable,not_applicable,not_applicable,not_applicable
6,6,pre_momentum,zhigh,active_slot,mu,960,0,0,0,not_applicable,not_applicable,not_applicable,not_applicable,not_applicable
6,6,pre_momentum,zhigh,inactive_slot,alpha,0,0,0,0,not_applicable,not_applicable,not_applicable,not_applicable,not_applicable
6,6,pre_momentum,zhigh,inactive_slot,rho,0,0,0,0,not_applicable,not_applicable,not_applicable,not_applicable,not_applicable
6,6,pre_momentum,zhigh,inactive_slot,mu,0,0,0,0,not_applicable,not_applicable,not_applicable,not_applicable,not_applicable
6,6,pre_momentum,zhigh,top_offmask,alpha,12480,0,0,0,not_applicable,not_applicable,not_applicable,not_applicable,not_applicable
6,6,pre_momentum,zhigh,top_offmask,rho,12480,0,0,0,not_applicable,not_applicable,not_applicable,not_applicable,not_applicable
6,6,pre_momentum,zhigh,top_offmask,mu,12480,0,0,0,not_applicable,not_applicable,not_applicable,not_applicable,not_applicable
7,7,pre_vof_x,xlow,periodic,alpha,3612,0,0,0,not_applicable,not_applicable,not_applicable,not_applicable,not_applicable
7,7,pre_vof_x,xhigh,periodic,alpha,3612,0,0,0,not_applicable,not_applicable,not_applicable,not_applicable,not_applicable
7,7,pre_vof_x,ylow,periodic,alpha,6720,0,0,0,not_applicable,not_applicable,not_applicable,not_applicable,not_applicable
7,7,pre_vof_x,yhigh,periodic,alpha,6720,0,0,0,not_applicable,not_applicable,not_applicable,not_applicable,not_applicable
7,7,pre_vof_x,zlow,bottom_return,alpha,13440,0,0,0,not_applicable,not_applicable,not_applicable,not_applicable,not_applicable
7,7,pre_vof_x,zhigh,active_slot,alpha,960,0,0,0,not_applicable,not_applicable,not_applicable,not_applicable,not_applicable
7,7,pre_vof_x,zhigh,inactive_slot,alpha,0,0,0,0,not_applicable,not_applicable,not_applicable,not_applicable,not_applicable
7,7,pre_vof_x,zhigh,top_offmask,alpha,12480,0,0,0,not_applicable,not_applicable,not_applicable,not_applicable,not_applicable
7,7,pre_vof_y,xlow,periodic,alpha,3612,0,0,0,not_applicable,not_applicable,not_applicable,not_applicable,not_applicable
7,7,pre_vof_y,xhigh,periodic,alpha,3612,0,0,0,not_applicable,not_applicable,not_applicable,not_applicable,not_applicable
7,7,pre_vof_y,ylow,periodic,alpha,6720,0,0,0,not_applicable,not_applicable,not_applicable,not_applicable,not_applicable
7,7,pre_vof_y,yhigh,periodic,alpha,6720,0,0,0,not_applicable,not_applicable,not_applicable,not_applicable,not_applicable
7,7,pre_vof_y,zlow,bottom_return,alpha,13440,0,0,0,not_applicable,not_applicable,not_applicable,not_applicable,not_applicable
7,7,pre_vof_y,zhigh,active_slot,alpha,960,0,0,0,not_applicable,not_applicable,not_applicable,not_applicable,not_applicable
7,7,pre_vof_y,zhigh,inactive_slot,alpha,0,0,0,0,not_applicable,not_applicable,not_applicable,not_applicable,not_applicable
7,7,pre_vof_y,zhigh,top_offmask,alpha,12480,0,0,0,not_applicable,not_applicable,not_applicable,not_applicable,not_applicable
7,7,pre_vof_z,xlow,periodic,alpha,3612,0,0,0,not_applicable,not_applicable,not_applicable,not_applicable,not_applicable
7,7,pre_vof_z,xhigh,periodic,alpha,3612,0,0,0,not_applicable,not_applicable,not_applicable,not_applicable,not_applicable
7,7,pre_vof_z,ylow,periodic,alpha,6720,0,0,0,not_applicable,not_applicable,not_applicable,not_applicable,not_applicable
7,7,pre_vof_z,yhigh,periodic,alpha,6720,0,0,0,not_applicable,not_applicable,not_applicable,not_applicable,not_applicable
7,7,pre_vof_z,zlow,bottom_return,alpha,13440,0,0,0,not_applicable,not_applicable,not_applicable,not_applicable,not_applicable
7,7,pre_vof_z,zhigh,active_slot,alpha,960,0,0,0,not_applicable,not_applicable,not_applicable,not_applicable,not_applicable
7,7,pre_vof_z,zhigh,inactive_slot,alpha,0,0,0,0,not_applicable,not_applicable,not_applicable,not_applicable,not_applicable
7,7,pre_vof_z,zhigh,top_offmask,alpha,12480,0,0,0,not_applicable,not_applicable,not_applicable,not_applicable,not_applicable
7,7,pre_momentum,xlow,periodic,alpha,3612,0,0,0,not_applicable,not_applicable,not_applicable,not_applicable,not_applicable
7,7,pre_momentum,xlow,periodic,rho,3612,0,0,0,not_applicable,not_applicable,not_applicable,not_applicable,not_applicable
7,7,pre_momentum,xlow,periodic,mu,3612,0,0,0,not_applicable,not_applicable,not_applicable,not_applicable,not_applicable
7,7,pre_momentum,xhigh,periodic,alpha,3612,0,0,0,not_applicable,not_applicable,not_applicable,not_applicable,not_applicable
7,7,pre_momentum,xhigh,periodic,rho,3612,0,0,0,not_applicable,not_applicable,not_applicable,not_applicable,not_applicable
7,7,pre_momentum,xhigh,periodic,mu,3612,0,0,0,not_applicable,not_applicable,not_applicable,not_applicable,not_applicable
7,7,pre_momentum,ylow,periodic,alpha,6720,0,0,0,not_applicable,not_applicable,not_applicable,not_applicable,not_applicable
7,7,pre_momentum,ylow,periodic,rho,6720,0,0,0,not_applicable,not_applicable,not_applicable,not_applicable,not_applicable
7,7,pre_momentum,ylow,periodic,mu,6720,0,0,0,not_applicable,not_applicable,not_applicable,not_applicable,not_applicable
7,7,pre_momentum,yhigh,periodic,alpha,6720,0,0,0,not_applicable,not_applicable,not_applicable,not_applicable,not_applicable
7,7,pre_momentum,yhigh,periodic,rho,6720,0,0,0,not_applicable,not_applicable,not_applicable,not_applicable,not_applicable
7,7,pre_momentum,yhigh,periodic,mu,6720,0,0,0,not_applicable,not_applicable,not_applicable,not_applicable,not_applicable
7,7,pre_momentum,zlow,bottom_return,alpha,13440,0,0,0,not_applicable,not_applicable,not_applicable,not_applicable,not_applicable
7,7,pre_momentum,zlow,bottom_return,rho,13440,0,0,0,not_applicable,not_applicable,not_applicable,not_applicable,not_applicable
7,7,pre_momentum,zlow,bottom_return,mu,13440,0,0,0,not_applicable,not_applicable,not_applicable,not_applicable,not_applicable
7,7,pre_momentum,zhigh,active_slot,alpha,960,0,0,0,not_applicable,not_applicable,not_applicable,not_applicable,not_applicable
7,7,pre_momentum,zhigh,active_slot,rho,960,0,0,0,not_applicable,not_applicable,not_applicable,not_applicable,not_applicable
7,7,pre_momentum,zhigh,active_slot,mu,960,0,0,0,not_applicable,not_applicable,not_applicable,not_applicable,not_applicable
7,7,pre_momentum,zhigh,inactive_slot,alpha,0,0,0,0,not_applicable,not_applicable,not_applicable,not_applicable,not_applicable
7,7,pre_momentum,zhigh,inactive_slot,rho,0,0,0,0,not_applicable,not_applicable,not_applicable,not_applicable,not_applicable
7,7,pre_momentum,zhigh,inactive_slot,mu,0,0,0,0,not_applicable,not_applicable,not_applicable,not_applicable,not_applicable
7,7,pre_momentum,zhigh,top_offmask,alpha,12480,0,0,0,not_applicable,not_applicable,not_applicable,not_applicable,not_applicable
7,7,pre_momentum,zhigh,top_offmask,rho,12480,0,0,0,not_applicable,not_applicable,not_applicable,not_applicable,not_applicable
7,7,pre_momentum,zhigh,top_offmask,mu,12480,0,0,0,not_applicable,not_applicable,not_applicable,not_applicable,not_applicable
8,8,pre_vof_x,xlow,periodic,alpha,3612,0,0,0,not_applicable,not_applicable,not_applicable,not_applicable,not_applicable
8,8,pre_vof_x,xhigh,periodic,alpha,3612,0,0,0,not_applicable,not_applicable,not_applicable,not_applicable,not_applicable
8,8,pre_vof_x,ylow,periodic,alpha,6720,0,0,0,not_applicable,not_applicable,not_applicable,not_applicable,not_applicable
8,8,pre_vof_x,yhigh,periodic,alpha,6720,0,0,0,not_applicable,not_applicable,not_applicable,not_applicable,not_applicable
8,8,pre_vof_x,zlow,bottom_return,alpha,13440,0,0,0,not_applicable,not_applicable,not_applicable,not_applicable,not_applicable
8,8,pre_vof_x,zhigh,active_slot,alpha,960,0,0,0,not_applicable,not_applicable,not_applicable,not_applicable,not_applicable
8,8,pre_vof_x,zhigh,inactive_slot,alpha,0,0,0,0,not_applicable,not_applicable,not_applicable,not_applicable,not_applicable
8,8,pre_vof_x,zhigh,top_offmask,alpha,12480,0,0,0,not_applicable,not_applicable,not_applicable,not_applicable,not_applicable
8,8,pre_vof_y,xlow,periodic,alpha,3612,0,0,0,not_applicable,not_applicable,not_applicable,not_applicable,not_applicable
8,8,pre_vof_y,xhigh,periodic,alpha,3612,0,0,0,not_applicable,not_applicable,not_applicable,not_applicable,not_applicable
8,8,pre_vof_y,ylow,periodic,alpha,6720,0,0,0,not_applicable,not_applicable,not_applicable,not_applicable,not_applicable
8,8,pre_vof_y,yhigh,periodic,alpha,6720,0,0,0,not_applicable,not_applicable,not_applicable,not_applicable,not_applicable
8,8,pre_vof_y,zlow,bottom_return,alpha,13440,0,0,0,not_applicable,not_applicable,not_applicable,not_applicable,not_applicable
8,8,pre_vof_y,zhigh,active_slot,alpha,960,0,0,0,not_applicable,not_applicable,not_applicable,not_applicable,not_applicable
8,8,pre_vof_y,zhigh,inactive_slot,alpha,0,0,0,0,not_applicable,not_applicable,not_applicable,not_applicable,not_applicable
8,8,pre_vof_y,zhigh,top_offmask,alpha,12480,0,0,0,not_applicable,not_applicable,not_applicable,not_applicable,not_applicable
8,8,pre_vof_z,xlow,periodic,alpha,3612,0,0,0,not_applicable,not_applicable,not_applicable,not_applicable,not_applicable
8,8,pre_vof_z,xhigh,periodic,alpha,3612,0,0,0,not_applicable,not_applicable,not_applicable,not_applicable,not_applicable
8,8,pre_vof_z,ylow,periodic,alpha,6720,0,0,0,not_applicable,not_applicable,not_applicable,not_applicable,not_applicable
8,8,pre_vof_z,yhigh,periodic,alpha,6720,0,0,0,not_applicable,not_applicable,not_applicable,not_applicable,not_applicable
8,8,pre_vof_z,zlow,bottom_return,alpha,13440,0,0,0,not_applicable,not_applicable,not_applicable,not_applicable,not_applicable
8,8,pre_vof_z,zhigh,active_slot,alpha,960,0,0,0,not_applicable,not_applicable,not_applicable,not_applicable,not_applicable
8,8,pre_vof_z,zhigh,inactive_slot,alpha,0,0,0,0,not_applicable,not_applicable,not_applicable,not_applicable,not_applicable
8,8,pre_vof_z,zhigh,top_offmask,alpha,12480,0,0,0,not_applicable,not_applicable,not_applicable,not_applicable,not_applicable
8,8,pre_momentum,xlow,periodic,alpha,3612,0,0,0,not_applicable,not_applicable,not_applicable,not_applicable,not_applicable
8,8,pre_momentum,xlow,periodic,rho,3612,0,0,0,not_applicable,not_applicable,not_applicable,not_applicable,not_applicable
8,8,pre_momentum,xlow,periodic,mu,3612,0,0,0,not_applicable,not_applicable,not_applicable,not_applicable,not_applicable
8,8,pre_momentum,xhigh,periodic,alpha,3612,0,0,0,not_applicable,not_applicable,not_applicable,not_applicable,not_applicable
8,8,pre_momentum,xhigh,periodic,rho,3612,0,0,0,not_applicable,not_applicable,not_applicable,not_applicable,not_applicable
8,8,pre_momentum,xhigh,periodic,mu,3612,0,0,0,not_applicable,not_applicable,not_applicable,not_applicable,not_applicable
8,8,pre_momentum,ylow,periodic,alpha,6720,0,0,0,not_applicable,not_applicable,not_applicable,not_applicable,not_applicable
8,8,pre_momentum,ylow,periodic,rho,6720,0,0,0,not_applicable,not_applicable,not_applicable,not_applicable,not_applicable
8,8,pre_momentum,ylow,periodic,mu,6720,0,0,0,not_applicable,not_applicable,not_applicable,not_applicable,not_applicable
8,8,pre_momentum,yhigh,periodic,alpha,6720,0,0,0,not_applicable,not_applicable,not_applicable,not_applicable,not_applicable
8,8,pre_momentum,yhigh,periodic,rho,6720,0,0,0,not_applicable,not_applicable,not_applicable,not_applicable,not_applicable
8,8,pre_momentum,yhigh,periodic,mu,6720,0,0,0,not_applicable,not_applicable,not_applicable,not_applicable,not_applicable
8,8,pre_momentum,zlow,bottom_return,alpha,13440,0,0,0,not_applicable,not_applicable,not_applicable,not_applicable,not_applicable
8,8,pre_momentum,zlow,bottom_return,rho,13440,0,0,0,not_applicable,not_applicable,not_applicable,not_applicable,not_applicable
8,8,pre_momentum,zlow,bottom_return,mu,13440,0,0,0,not_applicable,not_applicable,not_applicable,not_applicable,not_applicable
8,8,pre_momentum,zhigh,active_slot,alpha,960,0,0,0,not_applicable,not_applicable,not_applicable,not_applicable,not_applicable
8,8,pre_momentum,zhigh,active_slot,rho,960,0,0,0,not_applicable,not_applicable,not_applicable,not_applicable,not_applicable
8,8,pre_momentum,zhigh,active_slot,mu,960,0,0,0,not_applicable,not_applicable,not_applicable,not_applicable,not_applicable
8,8,pre_momentum,zhigh,inactive_slot,alpha,0,0,0,0,not_applicable,not_applicable,not_applicable,not_applicable,not_applicable
8,8,pre_momentum,zhigh,inactive_slot,rho,0,0,0,0,not_applicable,not_applicable,not_applicable,not_applicable,not_applicable
8,8,pre_momentum,zhigh,inactive_slot,mu,0,0,0,0,not_applicable,not_applicable,not_applicable,not_applicable,not_applicable
8,8,pre_momentum,zhigh,top_offmask,alpha,12480,0,0,0,not_applicable,not_applicable,not_applicable,not_applicable,not_applicable
8,8,pre_momentum,zhigh,top_offmask,rho,12480,0,0,0,not_applicable,not_applicable,not_applicable,not_applicable,not_applicable
8,8,pre_momentum,zhigh,top_offmask,mu,12480,0,0,0,not_applicable,not_applicable,not_applicable,not_applicable,not_applicable
9,9,pre_vof_x,xlow,periodic,alpha,3612,0,0,0,not_applicable,not_applicable,not_applicable,not_applicable,not_applicable
9,9,pre_vof_x,xhigh,periodic,alpha,3612,0,0,0,not_applicable,not_applicable,not_applicable,not_applicable,not_applicable
9,9,pre_vof_x,ylow,periodic,alpha,6720,0,0,0,not_applicable,not_applicable,not_applicable,not_applicable,not_applicable
9,9,pre_vof_x,yhigh,periodic,alpha,6720,0,0,0,not_applicable,not_applicable,not_applicable,not_applicable,not_applicable
9,9,pre_vof_x,zlow,bottom_return,alpha,13440,0,0,0,not_applicable,not_applicable,not_applicable,not_applicable,not_applicable
9,9,pre_vof_x,zhigh,active_slot,alpha,960,0,0,0,not_applicable,not_applicable,not_applicable,not_applicable,not_applicable
9,9,pre_vof_x,zhigh,inactive_slot,alpha,0,0,0,0,not_applicable,not_applicable,not_applicable,not_applicable,not_applicable
9,9,pre_vof_x,zhigh,top_offmask,alpha,12480,0,0,0,not_applicable,not_applicable,not_applicable,not_applicable,not_applicable
9,9,pre_vof_y,xlow,periodic,alpha,3612,0,0,0,not_applicable,not_applicable,not_applicable,not_applicable,not_applicable
9,9,pre_vof_y,xhigh,periodic,alpha,3612,0,0,0,not_applicable,not_applicable,not_applicable,not_applicable,not_applicable
9,9,pre_vof_y,ylow,periodic,alpha,6720,0,0,0,not_applicable,not_applicable,not_applicable,not_applicable,not_applicable
9,9,pre_vof_y,yhigh,periodic,alpha,6720,0,0,0,not_applicable,not_applicable,not_applicable,not_applicable,not_applicable
9,9,pre_vof_y,zlow,bottom_return,alpha,13440,0,0,0,not_applicable,not_applicable,not_applicable,not_applicable,not_applicable
9,9,pre_vof_y,zhigh,active_slot,alpha,960,0,0,0,not_applicable,not_applicable,not_applicable,not_applicable,not_applicable
9,9,pre_vof_y,zhigh,inactive_slot,alpha,0,0,0,0,not_applicable,not_applicable,not_applicable,not_applicable,not_applicable
9,9,pre_vof_y,zhigh,top_offmask,alpha,12480,0,0,0,not_applicable,not_applicable,not_applicable,not_applicable,not_applicable
9,9,pre_vof_z,xlow,periodic,alpha,3612,0,0,0,not_applicable,not_applicable,not_applicable,not_applicable,not_applicable
9,9,pre_vof_z,xhigh,periodic,alpha,3612,0,0,0,not_applicable,not_applicable,not_applicable,not_applicable,not_applicable
9,9,pre_vof_z,ylow,periodic,alpha,6720,0,0,0,not_applicable,not_applicable,not_applicable,not_applicable,not_applicable
9,9,pre_vof_z,yhigh,periodic,alpha,6720,0,0,0,not_applicable,not_applicable,not_applicable,not_applicable,not_applicable
9,9,pre_vof_z,zlow,bottom_return,alpha,13440,0,0,0,not_applicable,not_applicable,not_applicable,not_applicable,not_applicable
9,9,pre_vof_z,zhigh,active_slot,alpha,960,0,0,0,not_applicable,not_applicable,not_applicable,not_applicable,not_applicable
9,9,pre_vof_z,zhigh,inactive_slot,alpha,0,0,0,0,not_applicable,not_applicable,not_applicable,not_applicable,not_applicable
9,9,pre_vof_z,zhigh,top_offmask,alpha,12480,0,0,0,not_applicable,not_applicable,not_applicable,not_applicable,not_applicable
9,9,pre_momentum,xlow,periodic,alpha,3612,0,0,0,not_applicable,not_applicable,not_applicable,not_applicable,not_applicable
9,9,pre_momentum,xlow,periodic,rho,3612,0,0,0,not_applicable,not_applicable,not_applicable,not_applicable,not_applicable
9,9,pre_momentum,xlow,periodic,mu,3612,0,0,0,not_applicable,not_applicable,not_applicable,not_applicable,not_applicable
9,9,pre_momentum,xhigh,periodic,alpha,3612,0,0,0,not_applicable,not_applicable,not_applicable,not_applicable,not_applicable
9,9,pre_momentum,xhigh,periodic,rho,3612,0,0,0,not_applicable,not_applicable,not_applicable,not_applicable,not_applicable
9,9,pre_momentum,xhigh,periodic,mu,3612,0,0,0,not_applicable,not_applicable,not_applicable,not_applicable,not_applicable
9,9,pre_momentum,ylow,periodic,alpha,6720,0,0,0,not_applicable,not_applicable,not_applicable,not_applicable,not_applicable
9,9,pre_momentum,ylow,periodic,rho,6720,0,0,0,not_applicable,not_applicable,not_applicable,not_applicable,not_applicable
9,9,pre_momentum,ylow,periodic,mu,6720,0,0,0,not_applicable,not_applicable,not_applicable,not_applicable,not_applicable
9,9,pre_momentum,yhigh,periodic,alpha,6720,0,0,0,not_applicable,not_applicable,not_applicable,not_applicable,not_applicable
9,9,pre_momentum,yhigh,periodic,rho,6720,0,0,0,not_applicable,not_applicable,not_applicable,not_applicable,not_applicable
9,9,pre_momentum,yhigh,periodic,mu,6720,0,0,0,not_applicable,not_applicable,not_applicable,not_applicable,not_applicable
9,9,pre_momentum,zlow,bottom_return,alpha,13440,0,0,0,not_applicable,not_applicable,not_applicable,not_applicable,not_applicable
9,9,pre_momentum,zlow,bottom_return,rho,13440,0,0,0,not_applicable,not_applicable,not_applicable,not_applicable,not_applicable
9,9,pre_momentum,zlow,bottom_return,mu,13440,0,0,0,not_applicable,not_applicable,not_applicable,not_applicable,not_applicable
9,9,pre_momentum,zhigh,active_slot,alpha,960,0,0,0,not_applicable,not_applicable,not_applicable,not_applicable,not_applicable
9,9,pre_momentum,zhigh,active_slot,rho,960,0,0,0,not_applicable,not_applicable,not_applicable,not_applicable,not_applicable
9,9,pre_momentum,zhigh,active_slot,mu,960,0,0,0,not_applicable,not_applicable,not_applicable,not_applicable,not_applicable
9,9,pre_momentum,zhigh,inactive_slot,alpha,0,0,0,0,not_applicable,not_applicable,not_applicable,not_applicable,not_applicable
9,9,pre_momentum,zhigh,inactive_slot,rho,0,0,0,0,not_applicable,not_applicable,not_applicable,not_applicable,not_applicable
9,9,pre_momentum,zhigh,inactive_slot,mu,0,0,0,0,not_applicable,not_applicable,not_applicable,not_applicable,not_applicable
9,9,pre_momentum,zhigh,top_offmask,alpha,12480,0,0,0,not_applicable,not_applicable,not_applicable,not_applicable,not_applicable
9,9,pre_momentum,zhigh,top_offmask,rho,12480,0,0,0,not_applicable,not_applicable,not_applicable,not_applicable,not_applicable
9,9,pre_momentum,zhigh,top_offmask,mu,12480,0,0,0,not_applicable,not_applicable,not_applicable,not_applicable,not_applicable
10,10,pre_vof_x,xlow,periodic,alpha,3612,0,0,0,not_applicable,not_applicable,not_applicable,not_applicable,not_applicable
10,10,pre_vof_x,xhigh,periodic,alpha,3612,0,0,0,not_applicable,not_applicable,not_applicable,not_applicable,not_applicable
10,10,pre_vof_x,ylow,periodic,alpha,6720,0,0,0,not_applicable,not_applicable,not_applicable,not_applicable,not_applicable
10,10,pre_vof_x,yhigh,periodic,alpha,6720,0,0,0,not_applicable,not_applicable,not_applicable,not_applicable,not_applicable
10,10,pre_vof_x,zlow,bottom_return,alpha,13440,0,0,0,not_applicable,not_applicable,not_applicable,not_applicable,not_applicable
10,10,pre_vof_x,zhigh,active_slot,alpha,960,0,0,0,not_applicable,not_applicable,not_applicable,not_applicable,not_applicable
10,10,pre_vof_x,zhigh,inactive_slot,alpha,0,0,0,0,not_applicable,not_applicable,not_applicable,not_applicable,not_applicable
10,10,pre_vof_x,zhigh,top_offmask,alpha,12480,0,0,0,not_applicable,not_applicable,not_applicable,not_applicable,not_applicable
10,10,pre_vof_y,xlow,periodic,alpha,3612,0,0,0,not_applicable,not_applicable,not_applicable,not_applicable,not_applicable
10,10,pre_vof_y,xhigh,periodic,alpha,3612,0,0,0,not_applicable,not_applicable,not_applicable,not_applicable,not_applicable
10,10,pre_vof_y,ylow,periodic,alpha,6720,0,0,0,not_applicable,not_applicable,not_applicable,not_applicable,not_applicable
10,10,pre_vof_y,yhigh,periodic,alpha,6720,0,0,0,not_applicable,not_applicable,not_applicable,not_applicable,not_applicable
10,10,pre_vof_y,zlow,bottom_return,alpha,13440,0,0,0,not_applicable,not_applicable,not_applicable,not_applicable,not_applicable
10,10,pre_vof_y,zhigh,active_slot,alpha,960,0,0,0,not_applicable,not_applicable,not_applicable,not_applicable,not_applicable
10,10,pre_vof_y,zhigh,inactive_slot,alpha,0,0,0,0,not_applicable,not_applicable,not_applicable,not_applicable,not_applicable
10,10,pre_vof_y,zhigh,top_offmask,alpha,12480,0,0,0,not_applicable,not_applicable,not_applicable,not_applicable,not_applicable
10,10,pre_vof_z,xlow,periodic,alpha,3612,0,0,0,not_applicable,not_applicable,not_applicable,not_applicable,not_applicable
10,10,pre_vof_z,xhigh,periodic,alpha,3612,0,0,0,not_applicable,not_applicable,not_applicable,not_applicable,not_applicable
10,10,pre_vof_z,ylow,periodic,alpha,6720,0,0,0,not_applicable,not_applicable,not_applicable,not_applicable,not_applicable
10,10,pre_vof_z,yhigh,periodic,alpha,6720,0,0,0,not_applicable,not_applicable,not_applicable,not_applicable,not_applicable
10,10,pre_vof_z,zlow,bottom_return,alpha,13440,0,0,0,not_applicable,not_applicable,not_applicable,not_applicable,not_applicable
10,10,pre_vof_z,zhigh,active_slot,alpha,960,0,0,0,not_applicable,not_applicable,not_applicable,not_applicable,not_applicable
10,10,pre_vof_z,zhigh,inactive_slot,alpha,0,0,0,0,not_applicable,not_applicable,not_applicable,not_applicable,not_applicable
10,10,pre_vof_z,zhigh,top_offmask,alpha,12480,0,0,0,not_applicable,not_applicable,not_applicable,not_applicable,not_applicable
10,10,pre_momentum,xlow,periodic,alpha,3612,0,0,0,not_applicable,not_applicable,not_applicable,not_applicable,not_applicable
10,10,pre_momentum,xlow,periodic,rho,3612,0,0,0,not_applicable,not_applicable,not_applicable,not_applicable,not_applicable
10,10,pre_momentum,xlow,periodic,mu,3612,0,0,0,not_applicable,not_applicable,not_applicable,not_applicable,not_applicable
10,10,pre_momentum,xhigh,periodic,alpha,3612,0,0,0,not_applicable,not_applicable,not_applicable,not_applicable,not_applicable
10,10,pre_momentum,xhigh,periodic,rho,3612,0,0,0,not_applicable,not_applicable,not_applicable,not_applicable,not_applicable
10,10,pre_momentum,xhigh,periodic,mu,3612,0,0,0,not_applicable,not_applicable,not_applicable,not_applicable,not_applicable
10,10,pre_momentum,ylow,periodic,alpha,6720,0,0,0,not_applicable,not_applicable,not_applicable,not_applicable,not_applicable
10,10,pre_momentum,ylow,periodic,rho,6720,0,0,0,not_applicable,not_applicable,not_applicable,not_applicable,not_applicable
10,10,pre_momentum,ylow,periodic,mu,6720,0,0,0,not_applicable,not_applicable,not_applicable,not_applicable,not_applicable
10,10,pre_momentum,yhigh,periodic,alpha,6720,0,0,0,not_applicable,not_applicable,not_applicable,not_applicable,not_applicable
10,10,pre_momentum,yhigh,periodic,rho,6720,0,0,0,not_applicable,not_applicable,not_applicable,not_applicable,not_applicable
10,10,pre_momentum,yhigh,periodic,mu,6720,0,0,0,not_applicable,not_applicable,not_applicable,not_applicable,not_applicable
10,10,pre_momentum,zlow,bottom_return,alpha,13440,0,0,0,not_applicable,not_applicable,not_applicable,not_applicable,not_applicable
10,10,pre_momentum,zlow,bottom_return,rho,13440,0,0,0,not_applicable,not_applicable,not_applicable,not_applicable,not_applicable
10,10,pre_momentum,zlow,bottom_return,mu,13440,0,0,0,not_applicable,not_applicable,not_applicable,not_applicable,not_applicable
10,10,pre_momentum,zhigh,active_slot,alpha,960,0,0,0,not_applicable,not_applicable,not_applicable,not_applicable,not_applicable
10,10,pre_momentum,zhigh,active_slot,rho,960,0,0,0,not_applicable,not_applicable,not_applicable,not_applicable,not_applicable
10,10,pre_momentum,zhigh,active_slot,mu,960,0,0,0,not_applicable,not_applicable,not_applicable,not_applicable,not_applicable
10,10,pre_momentum,zhigh,inactive_slot,alpha,0,0,0,0,not_applicable,not_applicable,not_applicable,not_applicable,not_applicable
10,10,pre_momentum,zhigh,inactive_slot,rho,0,0,0,0,not_applicable,not_applicable,not_applicable,not_applicable,not_applicable
10,10,pre_momentum,zhigh,inactive_slot,mu,0,0,0,0,not_applicable,not_applicable,not_applicable,not_applicable,not_applicable
10,10,pre_momentum,zhigh,top_offmask,alpha,12480,0,0,0,not_applicable,not_applicable,not_applicable,not_applicable,not_applicable
10,10,pre_momentum,zhigh,top_offmask,rho,12480,0,0,0,not_applicable,not_applicable,not_applicable,not_applicable,not_applicable
10,10,pre_momentum,zhigh,top_offmask,mu,12480,0,0,0,not_applicable,not_applicable,not_applicable,not_applicable,not_applicable
11,11,pre_vof_x,xlow,periodic,alpha,3612,0,0,0,not_applicable,not_applicable,not_applicable,not_applicable,not_applicable
11,11,pre_vof_x,xhigh,periodic,alpha,3612,0,0,0,not_applicable,not_applicable,not_applicable,not_applicable,not_applicable
11,11,pre_vof_x,ylow,periodic,alpha,6720,0,0,0,not_applicable,not_applicable,not_applicable,not_applicable,not_applicable
11,11,pre_vof_x,yhigh,periodic,alpha,6720,0,0,0,not_applicable,not_applicable,not_applicable,not_applicable,not_applicable
11,11,pre_vof_x,zlow,bottom_return,alpha,13440,0,0,0,not_applicable,not_applicable,not_applicable,not_applicable,not_applicable
11,11,pre_vof_x,zhigh,active_slot,alpha,960,0,0,0,not_applicable,not_applicable,not_applicable,not_applicable,not_applicable
11,11,pre_vof_x,zhigh,inactive_slot,alpha,0,0,0,0,not_applicable,not_applicable,not_applicable,not_applicable,not_applicable
11,11,pre_vof_x,zhigh,top_offmask,alpha,12480,0,0,0,not_applicable,not_applicable,not_applicable,not_applicable,not_applicable
11,11,pre_vof_y,xlow,periodic,alpha,3612,0,0,0,not_applicable,not_applicable,not_applicable,not_applicable,not_applicable
11,11,pre_vof_y,xhigh,periodic,alpha,3612,0,0,0,not_applicable,not_applicable,not_applicable,not_applicable,not_applicable
11,11,pre_vof_y,ylow,periodic,alpha,6720,0,0,0,not_applicable,not_applicable,not_applicable,not_applicable,not_applicable
11,11,pre_vof_y,yhigh,periodic,alpha,6720,0,0,0,not_applicable,not_applicable,not_applicable,not_applicable,not_applicable
11,11,pre_vof_y,zlow,bottom_return,alpha,13440,0,0,0,not_applicable,not_applicable,not_applicable,not_applicable,not_applicable
11,11,pre_vof_y,zhigh,active_slot,alpha,960,0,0,0,not_applicable,not_applicable,not_applicable,not_applicable,not_applicable
11,11,pre_vof_y,zhigh,inactive_slot,alpha,0,0,0,0,not_applicable,not_applicable,not_applicable,not_applicable,not_applicable
11,11,pre_vof_y,zhigh,top_offmask,alpha,12480,0,0,0,not_applicable,not_applicable,not_applicable,not_applicable,not_applicable
11,11,pre_vof_z,xlow,periodic,alpha,3612,0,0,0,not_applicable,not_applicable,not_applicable,not_applicable,not_applicable
11,11,pre_vof_z,xhigh,periodic,alpha,3612,0,0,0,not_applicable,not_applicable,not_applicable,not_applicable,not_applicable
11,11,pre_vof_z,ylow,periodic,alpha,6720,0,0,0,not_applicable,not_applicable,not_applicable,not_applicable,not_applicable
11,11,pre_vof_z,yhigh,periodic,alpha,6720,0,0,0,not_applicable,not_applicable,not_applicable,not_applicable,not_applicable
11,11,pre_vof_z,zlow,bottom_return,alpha,13440,0,0,0,not_applicable,not_applicable,not_applicable,not_applicable,not_applicable
11,11,pre_vof_z,zhigh,active_slot,alpha,960,0,0,0,not_applicable,not_applicable,not_applicable,not_applicable,not_applicable
11,11,pre_vof_z,zhigh,inactive_slot,alpha,0,0,0,0,not_applicable,not_applicable,not_applicable,not_applicable,not_applicable
11,11,pre_vof_z,zhigh,top_offmask,alpha,12480,0,0,0,not_applicable,not_applicable,not_applicable,not_applicable,not_applicable
11,11,pre_momentum,xlow,periodic,alpha,3612,0,0,0,not_applicable,not_applicable,not_applicable,not_applicable,not_applicable
11,11,pre_momentum,xlow,periodic,rho,3612,0,0,0,not_applicable,not_applicable,not_applicable,not_applicable,not_applicable
11,11,pre_momentum,xlow,periodic,mu,3612,0,0,0,not_applicable,not_applicable,not_applicable,not_applicable,not_applicable
11,11,pre_momentum,xhigh,periodic,alpha,3612,0,0,0,not_applicable,not_applicable,not_applicable,not_applicable,not_applicable
11,11,pre_momentum,xhigh,periodic,rho,3612,0,0,0,not_applicable,not_applicable,not_applicable,not_applicable,not_applicable
11,11,pre_momentum,xhigh,periodic,mu,3612,0,0,0,not_applicable,not_applicable,not_applicable,not_applicable,not_applicable
11,11,pre_momentum,ylow,periodic,alpha,6720,0,0,0,not_applicable,not_applicable,not_applicable,not_applicable,not_applicable
11,11,pre_momentum,ylow,periodic,rho,6720,0,0,0,not_applicable,not_applicable,not_applicable,not_applicable,not_applicable
11,11,pre_momentum,ylow,periodic,mu,6720,0,0,0,not_applicable,not_applicable,not_applicable,not_applicable,not_applicable
11,11,pre_momentum,yhigh,periodic,alpha,6720,0,0,0,not_applicable,not_applicable,not_applicable,not_applicable,not_applicable
11,11,pre_momentum,yhigh,periodic,rho,6720,0,0,0,not_applicable,not_applicable,not_applicable,not_applicable,not_applicable
11,11,pre_momentum,yhigh,periodic,mu,6720,0,0,0,not_applicable,not_applicable,not_applicable,not_applicable,not_applicable
11,11,pre_momentum,zlow,bottom_return,alpha,13440,0,0,0,not_applicable,not_applicable,not_applicable,not_applicable,not_applicable
11,11,pre_momentum,zlow,bottom_return,rho,13440,0,0,0,not_applicable,not_applicable,not_applicable,not_applicable,not_applicable
11,11,pre_momentum,zlow,bottom_return,mu,13440,0,0,0,not_applicable,not_applicable,not_applicable,not_applicable,not_applicable
11,11,pre_momentum,zhigh,active_slot,alpha,960,0,0,0,not_applicable,not_applicable,not_applicable,not_applicable,not_applicable
11,11,pre_momentum,zhigh,active_slot,rho,960,0,0,0,not_applicable,not_applicable,not_applicable,not_applicable,not_applicable
11,11,pre_momentum,zhigh,active_slot,mu,960,0,0,0,not_applicable,not_applicable,not_applicable,not_applicable,not_applicable
11,11,pre_momentum,zhigh,inactive_slot,alpha,0,0,0,0,not_applicable,not_applicable,not_applicable,not_applicable,not_applicable
11,11,pre_momentum,zhigh,inactive_slot,rho,0,0,0,0,not_applicable,not_applicable,not_applicable,not_applicable,not_applicable
11,11,pre_momentum,zhigh,inactive_slot,mu,0,0,0,0,not_applicable,not_applicable,not_applicable,not_applicable,not_applicable
11,11,pre_momentum,zhigh,top_offmask,alpha,12480,0,0,0,not_applicable,not_applicable,not_applicable,not_applicable,not_applicable
11,11,pre_momentum,zhigh,top_offmask,rho,12480,0,0,0,not_applicable,not_applicable,not_applicable,not_applicable,not_applicable
11,11,pre_momentum,zhigh,top_offmask,mu,12480,0,0,0,not_applicable,not_applicable,not_applicable,not_applicable,not_applicable
12,12,pre_vof_x,xlow,periodic,alpha,3612,0,0,0,not_applicable,not_applicable,not_applicable,not_applicable,not_applicable
12,12,pre_vof_x,xhigh,periodic,alpha,3612,0,0,0,not_applicable,not_applicable,not_applicable,not_applicable,not_applicable
12,12,pre_vof_x,ylow,periodic,alpha,6720,0,0,0,not_applicable,not_applicable,not_applicable,not_applicable,not_applicable
12,12,pre_vof_x,yhigh,periodic,alpha,6720,0,0,0,not_applicable,not_applicable,not_applicable,not_applicable,not_applicable
12,12,pre_vof_x,zlow,bottom_return,alpha,13440,0,0,0,not_applicable,not_applicable,not_applicable,not_applicable,not_applicable
12,12,pre_vof_x,zhigh,active_slot,alpha,960,0,0,0,not_applicable,not_applicable,not_applicable,not_applicable,not_applicable
12,12,pre_vof_x,zhigh,inactive_slot,alpha,0,0,0,0,not_applicable,not_applicable,not_applicable,not_applicable,not_applicable
12,12,pre_vof_x,zhigh,top_offmask,alpha,12480,0,0,0,not_applicable,not_applicable,not_applicable,not_applicable,not_applicable
12,12,pre_vof_y,xlow,periodic,alpha,3612,0,0,0,not_applicable,not_applicable,not_applicable,not_applicable,not_applicable
12,12,pre_vof_y,xhigh,periodic,alpha,3612,0,0,0,not_applicable,not_applicable,not_applicable,not_applicable,not_applicable
12,12,pre_vof_y,ylow,periodic,alpha,6720,0,0,0,not_applicable,not_applicable,not_applicable,not_applicable,not_applicable
12,12,pre_vof_y,yhigh,periodic,alpha,6720,0,0,0,not_applicable,not_applicable,not_applicable,not_applicable,not_applicable
12,12,pre_vof_y,zlow,bottom_return,alpha,13440,0,0,0,not_applicable,not_applicable,not_applicable,not_applicable,not_applicable
12,12,pre_vof_y,zhigh,active_slot,alpha,960,0,0,0,not_applicable,not_applicable,not_applicable,not_applicable,not_applicable
12,12,pre_vof_y,zhigh,inactive_slot,alpha,0,0,0,0,not_applicable,not_applicable,not_applicable,not_applicable,not_applicable
12,12,pre_vof_y,zhigh,top_offmask,alpha,12480,0,0,0,not_applicable,not_applicable,not_applicable,not_applicable,not_applicable
12,12,pre_vof_z,xlow,periodic,alpha,3612,0,0,0,not_applicable,not_applicable,not_applicable,not_applicable,not_applicable
12,12,pre_vof_z,xhigh,periodic,alpha,3612,0,0,0,not_applicable,not_applicable,not_applicable,not_applicable,not_applicable
12,12,pre_vof_z,ylow,periodic,alpha,6720,0,0,0,not_applicable,not_applicable,not_applicable,not_applicable,not_applicable
12,12,pre_vof_z,yhigh,periodic,alpha,6720,0,0,0,not_applicable,not_applicable,not_applicable,not_applicable,not_applicable
12,12,pre_vof_z,zlow,bottom_return,alpha,13440,0,0,0,not_applicable,not_applicable,not_applicable,not_applicable,not_applicable
12,12,pre_vof_z,zhigh,active_slot,alpha,960,0,0,0,not_applicable,not_applicable,not_applicable,not_applicable,not_applicable
12,12,pre_vof_z,zhigh,inactive_slot,alpha,0,0,0,0,not_applicable,not_applicable,not_applicable,not_applicable,not_applicable
12,12,pre_vof_z,zhigh,top_offmask,alpha,12480,0,0,0,not_applicable,not_applicable,not_applicable,not_applicable,not_applicable
12,12,pre_momentum,xlow,periodic,alpha,3612,0,0,0,not_applicable,not_applicable,not_applicable,not_applicable,not_applicable
12,12,pre_momentum,xlow,periodic,rho,3612,0,0,0,not_applicable,not_applicable,not_applicable,not_applicable,not_applicable
12,12,pre_momentum,xlow,periodic,mu,3612,0,0,0,not_applicable,not_applicable,not_applicable,not_applicable,not_applicable
12,12,pre_momentum,xhigh,periodic,alpha,3612,0,0,0,not_applicable,not_applicable,not_applicable,not_applicable,not_applicable
12,12,pre_momentum,xhigh,periodic,rho,3612,0,0,0,not_applicable,not_applicable,not_applicable,not_applicable,not_applicable
12,12,pre_momentum,xhigh,periodic,mu,3612,0,0,0,not_applicable,not_applicable,not_applicable,not_applicable,not_applicable
12,12,pre_momentum,ylow,periodic,alpha,6720,0,0,0,not_applicable,not_applicable,not_applicable,not_applicable,not_applicable
12,12,pre_momentum,ylow,periodic,rho,6720,0,0,0,not_applicable,not_applicable,not_applicable,not_applicable,not_applicable
12,12,pre_momentum,ylow,periodic,mu,6720,0,0,0,not_applicable,not_applicable,not_applicable,not_applicable,not_applicable
12,12,pre_momentum,yhigh,periodic,alpha,6720,0,0,0,not_applicable,not_applicable,not_applicable,not_applicable,not_applicable
12,12,pre_momentum,yhigh,periodic,rho,6720,0,0,0,not_applicable,not_applicable,not_applicable,not_applicable,not_applicable
12,12,pre_momentum,yhigh,periodic,mu,6720,0,0,0,not_applicable,not_applicable,not_applicable,not_applicable,not_applicable
12,12,pre_momentum,zlow,bottom_return,alpha,13440,0,0,0,not_applicable,not_applicable,not_applicable,not_applicable,not_applicable
12,12,pre_momentum,zlow,bottom_return,rho,13440,0,0,0,not_applicable,not_applicable,not_applicable,not_applicable,not_applicable
12,12,pre_momentum,zlow,bottom_return,mu,13440,0,0,0,not_applicable,not_applicable,not_applicable,not_applicable,not_applicable
12,12,pre_momentum,zhigh,active_slot,alpha,960,0,0,0,not_applicable,not_applicable,not_applicable,not_applicable,not_applicable
12,12,pre_momentum,zhigh,active_slot,rho,960,0,0,0,not_applicable,not_applicable,not_applicable,not_applicable,not_applicable
12,12,pre_momentum,zhigh,active_slot,mu,960,0,0,0,not_applicable,not_applicable,not_applicable,not_applicable,not_applicable
12,12,pre_momentum,zhigh,inactive_slot,alpha,0,0,0,0,not_applicable,not_applicable,not_applicable,not_applicable,not_applicable
12,12,pre_momentum,zhigh,inactive_slot,rho,0,0,0,0,not_applicable,not_applicable,not_applicable,not_applicable,not_applicable
12,12,pre_momentum,zhigh,inactive_slot,mu,0,0,0,0,not_applicable,not_applicable,not_applicable,not_applicable,not_applicable
12,12,pre_momentum,zhigh,top_offmask,alpha,12480,0,0,0,not_applicable,not_applicable,not_applicable,not_applicable,not_applicable
12,12,pre_momentum,zhigh,top_offmask,rho,12480,0,0,0,not_applicable,not_applicable,not_applicable,not_applicable,not_applicable
12,12,pre_momentum,zhigh,top_offmask,mu,12480,0,0,0,not_applicable,not_applicable,not_applicable,not_applicable,not_applicable
13,13,pre_vof_x,xlow,periodic,alpha,3612,0,0,0,not_applicable,not_applicable,not_applicable,not_applicable,not_applicable
13,13,pre_vof_x,xhigh,periodic,alpha,3612,0,0,0,not_applicable,not_applicable,not_applicable,not_applicable,not_applicable
13,13,pre_vof_x,ylow,periodic,alpha,6720,0,0,0,not_applicable,not_applicable,not_applicable,not_applicable,not_applicable
13,13,pre_vof_x,yhigh,periodic,alpha,6720,0,0,0,not_applicable,not_applicable,not_applicable,not_applicable,not_applicable
13,13,pre_vof_x,zlow,bottom_return,alpha,13440,0,0,0,not_applicable,not_applicable,not_applicable,not_applicable,not_applicable
13,13,pre_vof_x,zhigh,active_slot,alpha,960,0,0,0,not_applicable,not_applicable,not_applicable,not_applicable,not_applicable
13,13,pre_vof_x,zhigh,inactive_slot,alpha,0,0,0,0,not_applicable,not_applicable,not_applicable,not_applicable,not_applicable
13,13,pre_vof_x,zhigh,top_offmask,alpha,12480,0,0,0,not_applicable,not_applicable,not_applicable,not_applicable,not_applicable
13,13,pre_vof_y,xlow,periodic,alpha,3612,0,0,0,not_applicable,not_applicable,not_applicable,not_applicable,not_applicable
13,13,pre_vof_y,xhigh,periodic,alpha,3612,0,0,0,not_applicable,not_applicable,not_applicable,not_applicable,not_applicable
13,13,pre_vof_y,ylow,periodic,alpha,6720,0,0,0,not_applicable,not_applicable,not_applicable,not_applicable,not_applicable
13,13,pre_vof_y,yhigh,periodic,alpha,6720,0,0,0,not_applicable,not_applicable,not_applicable,not_applicable,not_applicable
13,13,pre_vof_y,zlow,bottom_return,alpha,13440,0,0,0,not_applicable,not_applicable,not_applicable,not_applicable,not_applicable
13,13,pre_vof_y,zhigh,active_slot,alpha,960,0,0,0,not_applicable,not_applicable,not_applicable,not_applicable,not_applicable
13,13,pre_vof_y,zhigh,inactive_slot,alpha,0,0,0,0,not_applicable,not_applicable,not_applicable,not_applicable,not_applicable
13,13,pre_vof_y,zhigh,top_offmask,alpha,12480,0,0,0,not_applicable,not_applicable,not_applicable,not_applicable,not_applicable
13,13,pre_vof_z,xlow,periodic,alpha,3612,0,0,0,not_applicable,not_applicable,not_applicable,not_applicable,not_applicable
13,13,pre_vof_z,xhigh,periodic,alpha,3612,0,0,0,not_applicable,not_applicable,not_applicable,not_applicable,not_applicable
13,13,pre_vof_z,ylow,periodic,alpha,6720,0,0,0,not_applicable,not_applicable,not_applicable,not_applicable,not_applicable
13,13,pre_vof_z,yhigh,periodic,alpha,6720,0,0,0,not_applicable,not_applicable,not_applicable,not_applicable,not_applicable
13,13,pre_vof_z,zlow,bottom_return,alpha,13440,0,0,0,not_applicable,not_applicable,not_applicable,not_applicable,not_applicable
13,13,pre_vof_z,zhigh,active_slot,alpha,960,0,0,0,not_applicable,not_applicable,not_applicable,not_applicable,not_applicable
13,13,pre_vof_z,zhigh,inactive_slot,alpha,0,0,0,0,not_applicable,not_applicable,not_applicable,not_applicable,not_applicable
13,13,pre_vof_z,zhigh,top_offmask,alpha,12480,0,0,0,not_applicable,not_applicable,not_applicable,not_applicable,not_applicable
13,13,pre_momentum,xlow,periodic,alpha,3612,0,0,0,not_applicable,not_applicable,not_applicable,not_applicable,not_applicable
13,13,pre_momentum,xlow,periodic,rho,3612,0,0,0,not_applicable,not_applicable,not_applicable,not_applicable,not_applicable
13,13,pre_momentum,xlow,periodic,mu,3612,0,0,0,not_applicable,not_applicable,not_applicable,not_applicable,not_applicable
13,13,pre_momentum,xhigh,periodic,alpha,3612,0,0,0,not_applicable,not_applicable,not_applicable,not_applicable,not_applicable
13,13,pre_momentum,xhigh,periodic,rho,3612,0,0,0,not_applicable,not_applicable,not_applicable,not_applicable,not_applicable
13,13,pre_momentum,xhigh,periodic,mu,3612,0,0,0,not_applicable,not_applicable,not_applicable,not_applicable,not_applicable
13,13,pre_momentum,ylow,periodic,alpha,6720,0,0,0,not_applicable,not_applicable,not_applicable,not_applicable,not_applicable
13,13,pre_momentum,ylow,periodic,rho,6720,0,0,0,not_applicable,not_applicable,not_applicable,not_applicable,not_applicable
13,13,pre_momentum,ylow,periodic,mu,6720,0,0,0,not_applicable,not_applicable,not_applicable,not_applicable,not_applicable
13,13,pre_momentum,yhigh,periodic,alpha,6720,0,0,0,not_applicable,not_applicable,not_applicable,not_applicable,not_applicable
13,13,pre_momentum,yhigh,periodic,rho,6720,0,0,0,not_applicable,not_applicable,not_applicable,not_applicable,not_applicable
13,13,pre_momentum,yhigh,periodic,mu,6720,0,0,0,not_applicable,not_applicable,not_applicable,not_applicable,not_applicable
13,13,pre_momentum,zlow,bottom_return,alpha,13440,0,0,0,not_applicable,not_applicable,not_applicable,not_applicable,not_applicable
13,13,pre_momentum,zlow,bottom_return,rho,13440,0,0,0,not_applicable,not_applicable,not_applicable,not_applicable,not_applicable
13,13,pre_momentum,zlow,bottom_return,mu,13440,0,0,0,not_applicable,not_applicable,not_applicable,not_applicable,not_applicable
13,13,pre_momentum,zhigh,active_slot,alpha,960,0,0,0,not_applicable,not_applicable,not_applicable,not_applicable,not_applicable
13,13,pre_momentum,zhigh,active_slot,rho,960,0,0,0,not_applicable,not_applicable,not_applicable,not_applicable,not_applicable
13,13,pre_momentum,zhigh,active_slot,mu,960,0,0,0,not_applicable,not_applicable,not_applicable,not_applicable,not_applicable
13,13,pre_momentum,zhigh,inactive_slot,alpha,0,0,0,0,not_applicable,not_applicable,not_applicable,not_applicable,not_applicable
13,13,pre_momentum,zhigh,inactive_slot,rho,0,0,0,0,not_applicable,not_applicable,not_applicable,not_applicable,not_applicable
13,13,pre_momentum,zhigh,inactive_slot,mu,0,0,0,0,not_applicable,not_applicable,not_applicable,not_applicable,not_applicable
13,13,pre_momentum,zhigh,top_offmask,alpha,12480,0,0,0,not_applicable,not_applicable,not_applicable,not_applicable,not_applicable
13,13,pre_momentum,zhigh,top_offmask,rho,12480,0,0,0,not_applicable,not_applicable,not_applicable,not_applicable,not_applicable
13,13,pre_momentum,zhigh,top_offmask,mu,12480,0,0,0,not_applicable,not_applicable,not_applicable,not_applicable,not_applicable
