sampled_utc	cpu_pct|memory_usage|memory_pct|pids
2026-09-25T12:55:24Z	194.30%|18.45MiB / 125.1GiB|0.01%|14
2026-09-25T12:55:26Z	99.27%|154.1MiB / 125.1GiB|0.12%|12
2026-09-25T12:55:28Z	100.21%|239.3MiB / 125.1GiB|0.19%|13
2026-09-25T12:55:30Z	99.98%|238.9MiB / 125.1GiB|0.19%|13
2026-09-25T12:55:32Z	100.18%|238.7MiB / 125.1GiB|0.19%|13
2026-09-25T12:55:34Z	99.73%|258.8MiB / 125.1GiB|0.20%|13
2026-09-25T12:55:36Z	101.61%|324.5MiB / 125.1GiB|0.25%|13
2026-09-25T12:55:38Z	101.21%|325.1MiB / 125.1GiB|0.25%|13
2026-09-25T12:55:40Z	101.33%|325.5MiB / 125.1GiB|0.25%|13
2026-09-25T12:55:42Z	100.85%|326.9MiB / 125.1GiB|0.26%|13
2026-09-25T12:55:44Z	100.81%|327.3MiB / 125.1GiB|0.26%|13
