sampled_utc,index,utilization.gpu,memory.used,power.draw,host_mem_available_kib
2026-09-25T12:55:23Z,0, 0 %, 16 MiB, 21.27 W,123675432
2026-09-25T12:55:24Z,0, 0 %, 16 MiB, 37.93 W,123614752
2026-09-25T12:55:26Z,0, 0 %, 16 MiB, 80.48 W,123517156
2026-09-25T12:55:28Z,0, 0 %, 658 MiB, 132.85 W,123255432
2026-09-25T12:55:30Z,0, 100 %, 658 MiB, 141.39 W,123259560
2026-09-25T12:55:32Z,0, 100 %, 658 MiB, 141.27 W,123272388
2026-09-25T12:55:34Z,0, 100 %, 658 MiB, 140.94 W,123283676
2026-09-25T12:55:36Z,0, 37 %, 668 MiB, 143.00 W,123212112
2026-09-25T12:55:38Z,0, 38 %, 668 MiB, 145.68 W,123203076
2026-09-25T12:55:40Z,0, 38 %, 668 MiB, 146.12 W,123205240
2026-09-25T12:55:42Z,0, 38 %, 668 MiB, 147.93 W,123202852
2026-09-25T12:55:44Z,0, 38 %, 668 MiB, 147.35 W,123210340
2026-09-25T12:55:46Z,0, 39 %, 668 MiB, 147.87 W,123214480
