state_index,time_s,dt_s,dtic_raw_s_inv,dtic_used_s_inv,zero_advection_fallback,nu_max_m2_s,h_min_m,dlmini_m_inv,dtiv_s_inv,dtik_s_inv,dtig_s_inv,capillary_active,dtmax_s,fixed_step_factor,dt_over_dtmax,guard_pass
0,0,1.0000000000000000E-004,1.3333333333333369E+001,1.3333333333333369E+001,false,1.8000000000000000E-005,2.3099999999999999E-002,4.3290043290043293E+001,2.0239500758981283E-001,7.0216669371534017E-009,0,false,7.3878551254360991E-002,2.0000000000000001E-001,1.3535728340923184E-003,true
1,1.0000000000000000E-004,1.0000000000000000E-004,1.3333333333333369E+001,1.3333333333333369E+001,false,1.8000000000000000E-005,2.3099999999999999E-002,4.3290043290043293E+001,2.0239500758981283E-001,7.0216669371534017E-009,0,false,7.3878551254360991E-002,2.0000000000000001E-001,1.3535728340923184E-003,true
2,2.0000000000000001E-004,1.0000000000000000E-004,1.3333333333333369E+001,1.3333333333333369E+001,false,1.8000000000000000E-005,2.3099999999999999E-002,4.3290043290043293E+001,2.0239500758981283E-001,7.0216669371534017E-009,0,false,7.3878551254360991E-002,2.0000000000000001E-001,1.3535728340923184E-003,true
3,3.0000000000000003E-004,1.0000000000000000E-004,1.3333333333333369E+001,1.3333333333333369E+001,false,1.8000000000000000E-005,2.3099999999999999E-002,4.3290043290043293E+001,2.0239500758981283E-001,7.0216669371534017E-009,0,false,7.3878551254360991E-002,2.0000000000000001E-001,1.3535728340923184E-003,true
4,4.0000000000000002E-004,1.0000000000000000E-004,1.3333333333333369E+001,1.3333333333333369E+001,false,1.8000000000000000E-005,2.3099999999999999E-002,4.3290043290043293E+001,2.0239500758981283E-001,7.0216669371534017E-009,0,false,7.3878551254360991E-002,2.0000000000000001E-001,1.3535728340923184E-003,true
5,5.0000000000000001E-004,1.0000000000000000E-004,1.3333333333333369E+001,1.3333333333333369E+001,false,1.8000000000000000E-005,2.3099999999999999E-002,4.3290043290043293E+001,2.0239500758981283E-001,7.0216669371534017E-009,0,false,7.3878551254360991E-002,2.0000000000000001E-001,1.3535728340923184E-003,true
6,6.0000000000000006E-004,1.0000000000000000E-004,1.3333333333333369E+001,1.3333333333333369E+001,false,1.8000000000000000E-005,2.3099999999999999E-002,4.3290043290043293E+001,2.0239500758981283E-001,7.0216669371534017E-009,0,false,7.3878551254360991E-002,2.0000000000000001E-001,1.3535728340923184E-003,true
7,6.9999999999999999E-004,1.0000000000000000E-004,1.3333333333333369E+001,1.3333333333333369E+001,false,1.8000000000000000E-005,2.3099999999999999E-002,4.3290043290043293E+001,2.0239500758981283E-001,7.0216669371534017E-009,0,false,7.3878551254360991E-002,2.0000000000000001E-001,1.3535728340923184E-003,true
8,8.0000000000000004E-004,1.0000000000000000E-004,1.3333333333333369E+001,1.3333333333333369E+001,false,1.8000000000000000E-005,2.3099999999999999E-002,4.3290043290043293E+001,2.0239500758981283E-001,7.0216669371534017E-009,0,false,7.3878551254360991E-002,2.0000000000000001E-001,1.3535728340923184E-003,true
9,9.0000000000000008E-004,1.0000000000000000E-004,1.3333333333333369E+001,1.3333333333333369E+001,false,1.8000000000000000E-005,2.3099999999999999E-002,4.3290043290043293E+001,2.0239500758981283E-001,7.0216669371534017E-009,0,false,7.3878551254360991E-002,2.0000000000000001E-001,1.3535728340923184E-003,true
10,1.0000000000000000E-003,1.0000000000000000E-004,1.3333333333333369E+001,1.3333333333333369E+001,false,1.8000000000000000E-005,2.3099999999999999E-002,4.3290043290043293E+001,2.0239500758981283E-001,7.0216669371534017E-009,0,false,7.3878551254360991E-002,2.0000000000000001E-001,1.3535728340923184E-003,true
11,1.1000000000000001E-003,1.0000000000000000E-004,1.3333333333333369E+001,1.3333333333333369E+001,false,1.8000000000000000E-005,2.3099999999999999E-002,4.3290043290043293E+001,2.0239500758981283E-001,7.0216669371534017E-009,0,false,7.3878551254360991E-002,2.0000000000000001E-001,1.3535728340923184E-003,true
12,1.2000000000000001E-003,1.0000000000000000E-004,1.3333333333333369E+001,1.3333333333333369E+001,false,1.8000000000000000E-005,2.3099999999999999E-002,4.3290043290043293E+001,2.0239500758981283E-001,7.0216669371534017E-009,0,false,7.3878551254360991E-002,2.0000000000000001E-001,1.3535728340923184E-003,true
13,1.3000000000000002E-003,1.0000000000000000E-004,1.3333333333333369E+001,1.3333333333333369E+001,false,1.8000000000000000E-005,2.3099999999999999E-002,4.3290043290043293E+001,2.0239500758981283E-001,7.0216669371534017E-009,0,false,7.3878551254360991E-002,2.0000000000000001E-001,1.3535728340923184E-003,true
14,1.4000000000000000E-003,1.0000000000000000E-004,1.3333333333333369E+001,1.3333333333333369E+001,false,1.8000000000000000E-005,2.3099999999999999E-002,4.3290043290043293E+001,2.0239500758981283E-001,7.0216669371534017E-009,0,false,7.3878551254360991E-002,2.0000000000000001E-001,1.3535728340923184E-003,not_applicable
